Año,Trimestre,Provincia,ADSL,Cablemodem,Fibra óptica,Wireless,Otros,Banda ancha fija,Dial up,Accesos por cada 100 hogares,Accesos por cada 100 hab
2023,4,Buenos Aires,223391.0,2797700.0,1784593.0,137993.0,67943.0,5005720,5900.0,80.96,27.68
2023,4,Capital Federal,58700.0,1198835.0,182520.0,4492.0,29820.0,1472317,2050.0,117.02,47.8
2023,4,Catamarca,6669.0,11016.0,55437.0,1384.0,81.0,74586,1.0,68.63,17.46
2023,4,Chaco,14000.0,60277.0,62301.0,8404.0,2404.0,147381,5.0,44.35,11.85
2023,4,Chubut,26306.0,77217.0,26174.0,30543.0,9930.0,169313,857.0,84.96,26.04
2023,4,Córdoba,115662.0,452380.0,440536.0,61862.0,8862.0,1079239,63.0,90.67,27.76
2023,4,Corrientes,21769.0,86102.0,35968.0,10402.0,5231.0,159469,3.0,52.56,13.84
2023,4,Entre Ríos,41794.0,159575.0,61667.0,24036.0,11565.0,298617,20.0,69.94,20.91
2023,4,Formosa,10252.0,18325.0,16179.0,17061.0,185.0,62002,0.0,39.23,9.98
2023,4,Jujuy,11669.0,51083.0,49947.0,4105.0,1216.0,118020,0.0,57.78,14.77
2023,4,La Pampa,6844.0,59063.0,34331.0,19982.0,1106.0,121164,162.0,99.96,32.93
2023,4,La Rioja,3296.0,55441.0,22559.0,6395.0,30.0,87717,4.0,80.22,21.35
2023,4,Mendoza,17676.0,70920.0,182220.0,27609.0,926.0,298621,730.0,52.15,14.55
2023,4,Misiones,25840.0,79000.0,75382.0,12928.0,7183.0,200333,0.0,56.27,15.33
2023,4,Neuquén,24122.0,73784.0,41583.0,24390.0,748.0,164188,439.0,79.91,23.78
2023,4,Río Negro,21192.0,49789.0,64323.0,17284.0,15829.0,167902,515.0,70.26,21.61
2023,4,Salta,26765.0,98853.0,60800.0,11806.0,6508.0,204727,5.0,56.98,13.8
2023,4,San Juan,12669.0,18543.0,42691.0,22351.0,6956.0,102963,247.0,50.08,12.75
2023,4,San Luis,4037.0,41260.0,30135.0,78954.0,299.0,154520,165.0,102.07,29.21
2023,4,Santa Cruz,7768.0,15669.0,55246.0,7687.0,661.0,86844,187.0,73.75,21.94
2023,4,Santa Fe,97004.0,398670.0,355762.0,44521.0,13544.0,909395,106.0,79.75,25.08
2023,4,Santiago Del Estero,8290.0,80692.0,24271.0,7057.0,2920.0,123228,2.0,49.08,12.18
2023,4,Tierra Del Fuego,9357.0,48071.0,3682.0,157.0,332.0,61294,305.0,110.49,32.75
2023,4,Tucumán,41318.0,20267.0,199876.0,4357.0,517.0,266308,27.0,61.04,15.12
2023,3,Buenos Aires,237705.0,2784175.0,1740239.0,137921.0,68197.0,4962337,5900.0,80.64,27.5
2023,3,Capital Federal,60765.0,1205339.0,167428.0,4629.0,29823.0,1465934,2050.0,116.4,47.6
2023,3,Catamarca,7164.0,11066.0,54650.0,1384.0,91.0,74354,1.0,68.55,17.44
2023,3,Chaco,16420.0,60058.0,54993.0,8267.0,2408.0,142141,5.0,42.87,11.46
2023,3,Chubut,26352.0,75460.0,25827.0,30521.0,9908.0,167211,857.0,84.23,25.82
2023,3,Córdoba,125050.0,453994.0,417338.0,62514.0,10438.0,1069271,63.0,90.05,27.57
2023,3,Corrientes,24253.0,83897.0,36032.0,10407.0,5240.0,159826,3.0,52.78,13.9
2023,3,Entre Ríos,45384.0,157464.0,54794.0,24481.0,11170.0,293273,20.0,68.84,20.58
2023,3,Formosa,11230.0,18053.0,14904.0,16899.0,228.0,61314,0.0,38.86,9.89
2023,3,Jujuy,12627.0,51082.0,48350.0,4067.0,1251.0,117377,0.0,57.61,14.73
2023,3,La Pampa,6844.0,59063.0,32891.0,20014.0,1109.0,119759,162.0,99.0,32.62
2023,3,La Rioja,3726.0,55494.0,22054.0,6395.0,32.0,87697,4.0,80.44,21.41
2023,3,Mendoza,17677.0,73066.0,178719.0,27609.0,951.0,297292,730.0,52.03,14.52
2023,3,Misiones,27934.0,79087.0,70003.0,12928.0,7183.0,197135,0.0,55.51,15.12
2023,3,Neuquén,24527.0,73329.0,39243.0,24085.0,3089.0,163834,439.0,79.97,23.8
2023,3,Río Negro,22422.0,50429.0,56668.0,16864.0,17102.0,162970,515.0,68.4,21.04
2023,3,Salta,29113.0,98324.0,59914.0,12337.0,6545.0,206228,5.0,57.57,13.94
2023,3,San Juan,12669.0,19376.0,42383.0,22317.0,6985.0,103483,247.0,50.45,12.85
2023,3,San Luis,4037.0,41624.0,24525.0,78431.0,299.0,148751,165.0,98.55,28.2
2023,3,Santa Cruz,8376.0,23931.0,11270.0,3660.0,750.0,47800,187.0,40.89,12.17
2023,3,Santa Fe,108503.0,397854.0,336013.0,44545.0,13437.0,900246,106.0,79.09,24.87
2023,3,Santiago Del Estero,9412.0,80919.0,21745.0,6916.0,2936.0,121926,2.0,48.67,12.08
2023,3,Tierra Del Fuego,9357.0,45203.0,3682.0,157.0,332.0,58426,305.0,105.95,31.41
2023,3,Tucumán,46348.0,20545.0,195053.0,4088.0,523.0,266530,27.0,61.26,15.17
2023,2,Buenos Aires,265537.0,2766463.0,1645945.0,138405.0,69138.0,4879442,6046.0,79.67,27.1
2023,2,Capital Federal,68348.0,1218631.0,136295.0,4504.0,29900.0,1455578,2100.0,115.48,47.27
2023,2,Catamarca,7637.0,10700.0,53177.0,1384.0,92.0,72989,1.0,67.42,17.15
2023,2,Chaco,19115.0,59944.0,51955.0,8267.0,2574.0,141850,5.0,42.87,11.46
2023,2,Chubut,33702.0,73689.0,16111.0,30521.0,9938.0,163078,883.0,82.49,25.28
2023,2,Córdoba,129303.0,453924.0,411703.0,62391.0,10430.0,1067686,65.0,90.13,27.59
2023,2,Corrientes,26821.0,82977.0,32834.0,10407.0,5255.0,158290,4.0,52.37,13.79
2023,2,Entre Ríos,46503.0,142562.0,49251.0,24461.0,11170.0,273927,20.0,64.43,19.26
2023,2,Formosa,11934.0,17678.0,13698.0,16813.0,227.0,60350,0.0,38.32,9.75
2023,2,Jujuy,13749.0,51082.0,47289.0,4067.0,1255.0,117442,0.0,57.78,14.78
2023,2,La Pampa,7254.0,59101.0,31449.0,19993.0,1113.0,118744,166.0,98.35,32.4
2023,2,La Rioja,4152.0,55148.0,21245.0,6395.0,32.0,86968,4.0,80.01,21.3
2023,2,Mendoza,25299.0,71931.0,171857.0,27609.0,980.0,296921,755.0,52.09,14.54
2023,2,Misiones,28897.0,82058.0,64406.0,12927.0,7183.0,195471,0.0,55.18,15.03
2023,2,Neuquén,26379.0,73040.0,35171.0,24046.0,3110.0,161289,457.0,78.97,23.5
2023,2,Río Negro,26390.0,49684.0,53325.0,16864.0,17116.0,162848,531.0,68.56,21.09
2023,2,Salta,30666.0,97501.0,58275.0,12337.0,6549.0,205323,5.0,57.48,13.92
2023,2,San Juan,21483.0,20200.0,25217.0,23545.0,7004.0,97189,260.0,47.52,12.1
2023,2,San Luis,4937.0,41949.0,15595.0,77960.0,307.0,140575,173.0,93.41,26.73
2023,2,Santa Cruz,9019.0,23896.0,11269.0,3660.0,758.0,48410,192.0,41.66,12.39
2023,2,Santa Fe,126344.0,399669.0,311166.0,44134.0,14501.0,895706,108.0,78.83,24.79
2023,2,Santiago Del Estero,10629.0,80086.0,17244.0,6916.0,2934.0,117807,2.0,47.14,11.7
2023,2,Tierra Del Fuego,12392.0,45224.0,525.0,157.0,337.0,58325,310.0,106.38,31.54
2023,2,Tucumán,50019.0,20012.0,188986.0,4060.0,525.0,263573,29.0,60.75,15.05
2023,1,Buenos Aires,304583.0,2761043.0,1551074.0,132458.0,71770.0,4814729,6199.0,79.0,26.81
2023,1,Capital Federal,132149.0,1223930.0,156222.0,4605.0,31823.0,1546584,2145.0,122.59,50.23
2023,1,Catamarca,6980.0,10655.0,50230.0,1384.0,2243.0,71491,1.0,66.17,16.83
2023,1,Chaco,21243.0,60727.0,49756.0,8142.0,2574.0,142437,5.0,43.15,11.53
2023,1,Chubut,45448.0,73525.0,9815.0,30521.0,10744.0,169149,904.0,85.89,26.32
2023,1,Córdoba,136976.0,455139.0,386297.0,61066.0,10494.0,1049904,68.0,88.84,27.2
2023,1,Corrientes,29577.0,81116.0,30016.0,11071.0,5240.0,157016,4.0,52.05,13.71
2023,1,Entre Ríos,51084.0,141699.0,44508.0,26415.0,11172.0,274856,22.0,64.79,19.37
2023,1,Formosa,12502.0,17421.0,13345.0,17490.0,227.0,60985,0.0,38.79,9.87
2023,1,Jujuy,15306.0,51082.0,46271.0,4067.0,1255.0,117981,0.0,58.2,14.88
2023,1,La Pampa,7049.0,59944.0,28126.0,20103.0,1282.0,116333,171.0,96.55,31.81
2023,1,La Rioja,4652.0,54604.0,20722.0,6395.0,32.0,86401,4.0,79.74,21.23
2023,1,Mendoza,37646.0,73678.0,152534.0,27592.0,1569.0,292242,777.0,51.4,14.34
2023,1,Misiones,30455.0,82834.0,56619.0,12896.0,7881.0,190685,0.0,53.97,14.7
2023,1,Neuquén,28030.0,72639.0,32296.0,23937.0,3510.0,159944,468.0,78.55,23.38
2023,1,Río Negro,33604.0,49128.0,45329.0,16857.0,19413.0,163783,548.0,69.16,21.27
2023,1,Salta,33427.0,96922.0,56259.0,12269.0,6549.0,205421,5.0,57.67,13.97
2023,1,San Juan,38568.0,21215.0,12798.0,21912.0,7274.0,101486,281.0,49.75,12.67
2023,1,San Luis,6283.0,42789.0,6952.0,78954.0,485.0,135281,182.0,90.17,25.8
2023,1,Santa Cruz,9702.0,23839.0,12217.0,3660.0,943.0,50163,198.0,43.42,12.92
2023,1,Santa Fe,138935.0,405618.0,283988.0,43487.0,14246.0,886164,110.0,78.13,24.57
2023,1,Santiago Del Estero,11642.0,80407.0,16656.0,6916.0,2934.0,118553,2.0,47.55,11.8
2023,1,Tierra Del Fuego,12754.0,43146.0,405.0,157.0,651.0,56801,312.0,104.23,30.9
2023,1,Tucumán,55822.0,19482.0,180976.0,4293.0,527.0,261070,30.0,60.34,14.95
2022,4,Buenos Aires,325908.0,2767247.0,1499149.0,129910.0,72451.0,4788466,6199.0,78.94,26.72
2022,4,Capital Federal,138753.0,1238196.0,138548.0,4603.0,31826.0,1549781,2145.0,122.73,50.35
2022,4,Catamarca,8952.0,10998.0,47337.0,1379.0,2243.0,70908,1.0,65.77,16.73
2022,4,Chaco,24582.0,61265.0,47285.0,7957.0,2574.0,143658,5.0,43.62,11.66
2022,4,Chubut,45450.0,73923.0,9815.0,30721.0,8850.0,167855,904.0,85.57,26.23
2022,4,Córdoba,152265.0,456947.0,367393.0,61631.0,11424.0,1049592,68.0,89.03,27.26
2022,4,Corrientes,34038.0,80283.0,26752.0,9082.0,5298.0,155449,4.0,51.64,13.6
2022,4,Entre Ríos,55507.0,135746.0,40798.0,26414.0,12509.0,270952,22.0,64.01,19.14
2022,4,Formosa,13735.0,17068.0,13118.0,17692.0,227.0,61840,0.0,39.41,10.03
2022,4,Jujuy,17880.0,52390.0,42626.0,4067.0,1255.0,118218,0.0,58.46,14.95
2022,4,La Pampa,7785.0,60566.0,24552.0,19995.0,1266.0,113993,171.0,94.8,31.23
2022,4,La Rioja,6120.0,54387.0,19328.0,6395.0,32.0,86258,4.0,79.86,21.26
2022,4,Mendoza,37655.0,77814.0,147080.0,27607.0,1948.0,291327,777.0,51.36,14.33
2022,4,Misiones,33204.0,87202.0,46885.0,11075.0,7903.0,186269,0.0,52.85,14.39
2022,4,Neuquén,28609.0,72679.0,31567.0,23815.0,3510.0,159712,468.0,78.67,23.41
2022,4,Río Negro,34043.0,48401.0,43958.0,16277.0,19413.0,161544,548.0,68.42,21.04
2022,4,Salta,36939.0,97023.0,53470.0,11884.0,6544.0,205855,5.0,57.96,14.04
2022,4,San Juan,38570.0,22913.0,12491.0,21912.0,7940.0,103545,281.0,50.88,12.96
2022,4,San Luis,6283.0,43460.0,3409.0,81557.0,511.0,135028,192.0,90.27,25.83
2022,4,Santa Cruz,9702.0,23876.0,12217.0,3746.0,662.0,50005,198.0,43.53,12.95
2022,4,Santa Fe,163621.0,412157.0,248558.0,44113.0,19242.0,887581,110.0,78.4,24.65
2022,4,Santiago Del Estero,13577.0,80955.0,15117.0,6911.0,2934.0,119492,2.0,48.05,11.92
2022,4,Tierra Del Fuego,12754.0,41293.0,405.0,157.0,651.0,54948,312.0,101.44,30.07
2022,4,Tucumán,69441.0,20668.0,168717.0,4069.0,527.0,263392,30.0,61.04,15.12
2022,3,Buenos Aires,339648.0,2748325.0,1436433.0,126846.0,70416.0,4715469,6199.0,78.11,26.37
2022,3,Capital Federal,140791.0,1240125.0,129218.0,5758.0,31787.0,1545534,2145.0,122.28,50.22
2022,3,Catamarca,10010.0,10495.0,46224.0,1329.0,2235.0,70292,1.0,65.33,16.62
2022,3,Chaco,27164.0,61800.0,44645.0,8178.0,2359.0,144141,5.0,43.86,11.72
2022,3,Chubut,45377.0,72212.0,9574.0,29784.0,8831.0,164874,904.0,84.38,25.86
2022,3,Córdoba,163770.0,465461.0,338570.0,61070.0,9797.0,1038600,68.0,88.31,27.04
2022,3,Corrientes,36508.0,77140.0,18619.0,7256.0,5323.0,144842,4.0,48.21,12.69
2022,3,Entre Ríos,60345.0,132952.0,36971.0,26098.0,12593.0,268937,22.0,63.67,19.04
2022,3,Formosa,14470.0,25880.0,11041.0,16935.0,212.0,68537,1.0,43.76,11.14
2022,3,Jujuy,19257.0,52978.0,40172.0,4033.0,2383.0,118823,0.0,58.91,15.06
2022,3,La Pampa,7796.0,60078.0,23551.0,20216.0,4451.0,115921,171.0,96.59,31.82
2022,3,La Rioja,6842.0,53899.0,19697.0,6395.0,31.0,86860,4.0,80.66,21.47
2022,3,Mendoza,37659.0,78858.0,142615.0,27625.0,2766.0,288746,777.0,51.03,14.24
2022,3,Misiones,35513.0,88902.0,39046.0,11074.0,7622.0,182157,0.0,51.82,14.11
2022,3,Neuquén,29352.0,75815.0,29396.0,27482.0,1116.0,162693,468.0,80.37,23.92
2022,3,Río Negro,35552.0,48260.0,41017.0,16760.0,18969.0,160010,548.0,67.98,20.91
2022,3,Salta,40006.0,96984.0,50254.0,10082.0,7215.0,204536,5.0,57.76,13.99
2022,3,San Juan,38570.0,22723.0,12328.0,21860.0,7918.0,103118,281.0,50.8,12.94
2022,3,San Luis,6860.0,29363.0,248.0,70614.0,14985.0,121888,182.0,81.74,23.39
2022,3,Santa Cruz,10170.0,24047.0,10815.0,3896.0,582.0,49312,198.0,43.19,12.85
2022,3,Santa Fe,183740.0,426255.0,215189.0,43079.0,19547.0,887700,110.0,78.55,24.7
2022,3,Santiago Del Estero,15385.0,80937.0,13170.0,6618.0,2922.0,119030,2.0,47.98,11.91
2022,3,Tierra Del Fuego,12754.0,39963.0,403.0,125.0,651.0,53584,312.0,99.51,29.5
2022,3,Tucumán,77738.0,18518.0,162345.0,3997.0,519.0,263087,30.0,61.14,15.14
2022,2,Buenos Aires,350652.0,2719613.0,1399043.0,126847.0,71028.0,4660984,6199.0,77.58,26.129
2022,2,Capital Federal,145491.0,1232226.0,121506.0,5757.0,31791.0,1534626,2145.0,121.31,49.874
2022,2,Catamarca,11928.0,9430.0,42087.0,1329.0,2234.0,67007,1.0,62.4,15.872
2022,2,Chaco,29552.0,61284.0,42194.0,8178.0,2356.0,143559,5.0,43.79,11.703
2022,2,Chubut,45377.0,69242.0,9574.0,29784.0,8828.0,161901,904.0,83.19,25.5
2022,2,Córdoba,179181.0,467595.0,308895.0,61107.0,9657.0,1026367,68.0,87.48,26.782
2022,2,Corrientes,38468.0,75769.0,18181.0,7256.0,5323.0,144993,4.0,48.35,12.732
2022,2,Entre Ríos,63794.0,131029.0,35839.0,26098.0,12592.0,269330,22.0,63.9,19.105
2022,2,Formosa,15397.0,25487.0,9875.0,16910.0,212.0,67881,0.0,43.42,11.05
2022,2,Jujuy,20303.0,54495.0,34184.0,3955.0,2377.0,115314,0.0,57.32,14.657
2022,2,La Pampa,7796.0,59273.0,22994.0,20200.0,1264.0,111356,171.0,92.98,30.633
2022,2,La Rioja,7759.0,52656.0,19189.0,6395.0,31.0,86026,4.0,80.14,21.331
2022,2,Mendoza,37663.0,77504.0,135504.0,26964.0,1927.0,278785,777.0,49.39,13.782
2022,2,Misiones,37208.0,89260.0,33649.0,11074.0,7622.0,178813,0.0,51.0,13.89
2022,2,Neuquén,29749.0,74905.0,28824.0,27371.0,1119.0,161500,468.0,80.02,23.817
2022,2,Río Negro,36050.0,47040.0,40946.0,16760.0,18968.0,159216,548.0,67.85,20.868
2022,2,Salta,42665.0,96178.0,47076.0,10068.0,7190.0,203172,5.0,57.54,13.936
2022,2,San Juan,38570.0,19734.0,12328.0,21859.0,7916.0,100126,281.0,49.46,12.598
2022,2,San Luis,6860.0,29034.0,248.0,70614.0,14985.0,121559,182.0,81.76,23.397
2022,2,Santa Cruz,10170.0,23725.0,10815.0,3896.0,579.0,48987,198.0,43.15,12.84
2022,2,Santa Fe,198492.0,428233.0,189503.0,43081.0,19550.0,878749,110.0,77.9,24.496
2022,2,Santiago Del Estero,16561.0,80338.0,11605.0,6618.0,2922.0,118042,2.0,47.7,11.837
2022,2,Tierra Del Fuego,12754.0,39837.0,403.0,125.0,651.0,53458,312.0,99.86,29.605
2022,2,Tucumán,85893.0,15327.0,148823.0,3997.0,487.0,254497,30.0,59.31,14.691
2022,1,Buenos Aires,392045.0,2728865.0,1242121.0,125521.0,66872.0,4549131,6293.0,76.078,25.563
2022,1,Capital Federal,102290.0,1217225.0,62308.0,5784.0,29934.0,1415378,2163.0,111.798,46.014
2022,1,Catamarca,14181.0,15517.0,29118.0,1328.0,2234.0,62377,1.0,58.206,14.806
2022,1,Chaco,32391.0,64546.0,36662.0,8164.0,2356.0,144114,5.0,44.059,11.775
2022,1,Chubut,44133.0,66667.0,9184.0,30592.0,21052.0,170701,927.0,88.053,26.989
2022,1,Córdoba,195610.0,501799.0,235838.0,60843.0,9713.0,1003729,74.0,85.757,26.255
2022,1,Corrientes,40462.0,79093.0,10875.0,6774.0,5374.0,142574,4.0,47.645,12.545
2022,1,Entre Ríos,67159.0,138986.0,23091.0,26098.0,12592.0,267904,22.0,63.701,19.045
2022,1,Formosa,16397.0,15927.0,5146.0,16876.0,202.0,54548,0.0,34.956,8.896
2022,1,Jujuy,21307.0,60616.0,25949.0,4662.0,3975.0,116509,0.0,58.065,14.848
2022,1,La Pampa,8003.0,58978.0,21739.0,19903.0,1109.0,109560,172.0,91.663,30.2
2022,1,La Rioja,9103.0,59228.0,9546.0,6395.0,31.0,84299,4.0,78.775,20.969
2022,1,Mendoza,49464.0,74145.0,123228.0,26969.0,1379.0,274399,786.0,48.735,13.599
2022,1,Misiones,39147.0,91752.0,25178.0,7807.0,7624.0,171508,0.0,49.043,13.358
2022,1,Neuquén,28443.0,73200.0,24193.0,23098.0,745.0,149208,471.0,74.173,22.077
2022,1,Río Negro,38662.0,45366.0,38037.0,16815.0,18494.0,156821,553.0,67.036,20.618
2022,1,Salta,44714.0,98667.0,40994.0,5950.0,7190.0,197510,5.0,56.108,13.588
2022,1,San Juan,34038.0,14449.0,11294.0,20723.0,7674.0,87888,290.0,43.546,11.092
2022,1,San Luis,7987.0,11296.0,31.0,71809.0,28721.0,119659,185.0,80.724,23.102
2022,1,Santa Cruz,10537.0,23420.0,10766.0,3974.0,405.0,48898,204.0,43.338,12.894
2022,1,Santa Fe,213486.0,444609.0,146552.0,45261.0,20571.0,870364,115.0,77.305,24.307
2022,1,Santiago Del Estero,18118.0,87979.0,1093.0,6349.0,2922.0,116459,2.0,47.173,11.707
2022,1,Tierra Del Fuego,13031.0,38700.0,416.0,124.0,340.0,52298,313.0,98.291,29.139
2022,1,Tucumán,92532.0,62396.0,86174.0,3995.0,487.0,245554,30.0,57.39,14.216
2021,4,Buenos Aires,426325.0,2706506.0,1176024.0,126887.0,73415.0,4502772,6385.0,75.664,25.363
2021,4,Capital Federal,111360.0,1205128.0,60005.0,5679.0,29947.0,1409935,2184.0,111.27,45.849
2021,4,Catamarca,16385.0,13858.0,25100.0,1512.0,2235.0,59089,1.0,55.253,14.054
2021,4,Chaco,35548.0,63145.0,34688.0,8005.0,2359.0,143740,5.0,44.049,11.772
2021,4,Chubut,46361.0,57412.0,9655.0,28041.0,18839.0,159364,944.0,82.573,25.309
2021,4,Córdoba,212011.0,487489.0,217214.0,61277.0,8779.0,986693,77.0,84.509,25.873
2021,4,Corrientes,42523.0,71183.0,10138.0,6778.0,5290.0,135908,4.0,45.51,11.983
2021,4,Entre Ríos,70459.0,133387.0,23452.0,25022.0,12726.0,265024,22.0,63.155,18.882
2021,4,Formosa,17211.0,15111.0,5151.0,16018.0,172.0,53663,0.0,34.455,8.769
2021,4,Jujuy,22330.0,60511.0,24156.0,2927.0,3991.0,113915,0.0,56.921,14.555
2021,4,La Pampa,8175.0,58000.0,20192.0,19286.0,1354.0,106834,173.0,89.567,29.51
2021,4,La Rioja,10387.0,56651.0,9446.0,6613.0,31.0,83124,4.0,77.923,20.742
2021,4,Mendoza,59842.0,71553.0,109667.0,24666.0,1859.0,266783,804.0,47.505,13.256
2021,4,Misiones,41778.0,92068.0,22035.0,7649.0,7602.0,171132,0.0,49.065,13.363
2021,4,Neuquén,29175.0,72761.0,23253.0,21531.0,746.0,146989,477.0,73.3,21.818
2021,4,Río Negro,42037.0,44495.0,32212.0,16558.0,18451.0,153189,564.0,65.695,20.206
2021,4,Salta,46972.0,99808.0,39555.0,5882.0,7188.0,199399,6.0,56.814,13.759
2021,4,San Juan,35868.0,13102.0,11072.0,11423.0,8493.0,79667,291.0,39.589,10.084
2021,4,San Luis,8472.0,11064.0,30.0,70560.0,28723.0,118662,187.0,80.296,22.979
2021,4,Santa Cruz,10790.0,22902.0,10031.0,4346.0,417.0,48276,210.0,43.051,12.809
2021,4,Santa Fe,233427.0,444373.0,128856.0,43556.0,16229.0,866265,176.0,77.089,24.24
2021,4,Santiago Del Estero,19032.0,86563.0,1088.0,6256.0,2922.0,115859,2.0,47.046,11.675
2021,4,Tierra Del Fuego,13317.0,38148.0,426.0,124.0,342.0,52042,315.0,98.401,29.171
2021,4,Tucumán,97830.0,59022.0,78790.0,2511.0,486.0,238609,30.0,55.926,13.853
2021,3,Buenos Aires,585729.0,2595485.0,885613.0,120228.0,64554.0,4246425,5184.0,71.682,23.97
2021,3,Capital Federal,142902.0,1192107.0,42966.0,6059.0,29371.0,1411797,1608.0,111.271,45.9
2021,3,Catamarca,18413.0,11709.0,22331.0,1568.0,2233.0,56253,1.0,52.71,13.407
2021,3,Chaco,38258.0,63659.0,27583.0,8018.0,2353.0,139868,3.0,42.962,11.482
2021,3,Chubut,49269.0,55794.0,8946.0,23376.0,18681.0,155266,800.0,80.71,24.738
2021,3,Córdoba,229275.0,477223.0,167495.0,57617.0,15178.0,946726,62.0,81.285,24.886
2021,3,Corrientes,44805.0,69403.0,7542.0,6766.0,5303.0,133816,3.0,44.901,11.823
2021,3,Entre Ríos,74443.0,128752.0,20485.0,23500.0,13195.0,260360,15.0,62.179,18.591
2021,3,Formosa,18093.0,14111.0,4730.0,15690.0,171.0,52795,0.0,33.962,8.644
2021,3,Jujuy,23554.0,60758.0,19926.0,2952.0,3968.0,111158,0.0,55.689,14.24
2021,3,La Pampa,9015.0,57881.0,17817.0,14479.0,1295.0,100371,116.0,84.28,27.768
2021,3,La Rioja,11329.0,54744.0,9444.0,6613.0,30.0,82157,3.0,77.26,20.566
2021,3,Mendoza,91474.0,71247.0,70579.0,21811.0,828.0,255320,619.0,45.548,12.71
2021,3,Misiones,43230.0,89469.0,10969.0,7198.0,7662.0,158528,0.0,45.571,12.412
2021,3,Neuquén,29650.0,73794.0,16455.0,19270.0,640.0,139436,373.0,69.707,20.748
2021,3,Río Negro,47934.0,44519.0,18725.0,15031.0,18376.0,144084,501.0,61.967,19.059
2021,3,Salta,49212.0,98318.0,36126.0,5724.0,6453.0,195831,2.0,55.964,13.554
2021,3,San Juan,40072.0,12922.0,6670.0,11372.0,8447.0,79227,256.0,39.455,10.05
2021,3,San Luis,8417.0,11884.0,27.0,68856.0,28680.0,117716,148.0,79.87,22.857
2021,3,Santa Cruz,12347.0,22961.0,6328.0,4269.0,3071.0,48779,197.0,43.747,13.016
2021,3,Santa Fe,245929.0,443156.0,93412.0,43447.0,15640.0,841433,151.0,75.017,23.588
2021,3,Santiago Del Estero,19939.0,85535.0,909.0,6147.0,2928.0,115457,1.0,47.0,11.661
2021,3,Tierra Del Fuego,12853.0,36958.0,6.0,16.0,390.0,49934,289.0,94.954,28.15
2021,3,Tucumán,104489.0,53868.0,70964.0,2408.0,743.0,232447,25.0,54.636,13.533
2021,2,Buenos Aires,603255.0,2503830.0,854173.0,113546.0,57547.0,4127167,5184.0,70.003,23.352
2021,2,Capital Federal,148989.0,1175097.0,41318.0,5580.0,29371.0,1398747,1608.0,110.144,45.487
2021,2,Catamarca,20305.0,9426.0,22331.0,1449.0,2233.0,55743,1.0,52.34,13.314
2021,2,Chaco,39826.0,62948.0,27584.0,8018.0,2353.0,140726,3.0,43.328,11.58
2021,2,Chubut,49271.0,41497.0,6081.0,23682.0,18706.0,138412,825.0,72.294,22.16
2021,2,Córdoba,239780.0,467782.0,151855.0,55944.0,15519.0,930818,62.0,80.115,24.528
2021,2,Corrientes,46648.0,67262.0,3731.0,6557.0,5303.0,129498,3.0,43.541,11.465
2021,2,Entre Ríos,77836.0,124957.0,17856.0,23786.0,13197.0,257617,15.0,61.66,18.436
2021,2,Formosa,19571.0,12509.0,3610.0,15690.0,171.0,51551,0.0,33.225,8.456
2021,2,Jujuy,24738.0,60800.0,19611.0,2731.0,3968.0,111848,0.0,56.182,14.367
2021,2,La Pampa,9017.0,57014.0,17132.0,13209.0,1295.0,97551,116.0,82.08,27.044
2021,2,La Rioja,11627.0,54255.0,9445.0,6245.0,30.0,81599,3.0,76.979,20.492
2021,2,Mendoza,91503.0,70834.0,44696.0,21811.0,827.0,229052,619.0,40.973,11.434
2021,2,Misiones,44960.0,87861.0,10376.0,5317.0,7662.0,156176,0.0,45.013,12.26
2021,2,Neuquén,30083.0,72690.0,15619.0,19218.0,640.0,137877,373.0,69.14,20.58
2021,2,Río Negro,48189.0,43761.0,18727.0,15031.0,18376.0,143583,501.0,61.942,19.052
2021,2,Salta,51396.0,96016.0,32050.0,5724.0,6453.0,191637,2.0,54.93,13.303
2021,2,San Juan,40072.0,12369.0,6673.0,11372.0,8447.0,78677,256.0,39.284,10.007
2021,2,San Luis,8417.0,11308.0,28.0,66860.0,36205.0,122670,148.0,83.478,23.891
2021,2,Santa Cruz,12347.0,22967.0,6328.0,4269.0,3071.0,48785,197.0,44.015,13.097
2021,2,Santa Fe,256741.0,431915.0,90424.0,43997.0,17523.0,840449,151.0,75.069,23.605
2021,2,Santiago Del Estero,20734.0,83770.0,909.0,5081.0,3596.0,114089,1.0,46.557,11.554
2021,2,Tierra Del Fuego,12853.0,22504.0,6.0,14.0,316.0,35404,289.0,67.886,20.127
2021,2,Tucumán,110429.0,48359.0,71683.0,1837.0,743.0,233026,25.0,54.928,13.606
2021,1,Buenos Aires,629679.0,2452056.0,821597.0,98806.0,57864.0,4054936,5066.0,69.105,22.998
2021,1,Capital Federal,159805.0,1145093.0,39980.0,5559.0,29236.0,1378283,1390.0,108.42,44.827
2021,1,Catamarca,26316.0,4409.0,18688.0,322.0,2233.0,51967,1.0,48.899,12.438
2021,1,Chaco,43214.0,61251.0,25426.0,8004.0,1875.0,139767,3.0,43.136,11.529
2021,1,Chubut,45501.0,40960.0,3444.0,23723.0,18712.0,131515,825.0,68.994,21.148
2021,1,Córdoba,260350.0,444695.0,134634.0,54137.0,17065.0,910826,55.0,78.59,24.061
2021,1,Corrientes,49160.0,62876.0,3337.0,5949.0,5303.0,126622,3.0,42.664,11.234
2021,1,Entre Ríos,83688.0,118424.0,16846.0,20836.0,12169.0,251950,13.0,60.439,18.071
2021,1,Formosa,20663.0,11412.0,2562.0,15669.0,380.0,50686,0.0,32.733,8.331
2021,1,Jujuy,32254.0,54324.0,17322.0,2677.0,3879.0,110456,0.0,55.632,14.226
2021,1,La Pampa,8946.0,58711.0,15779.0,12369.0,1300.0,96989,116.0,81.777,26.943
2021,1,La Rioja,17363.0,34984.0,1.0,250.0,30.0,52625,3.0,49.807,13.258
2021,1,Mendoza,91844.0,69295.0,38619.0,18332.0,833.0,218308,615.0,39.154,10.926
2021,1,Misiones,48292.0,82339.0,7064.0,4796.0,6896.0,149387,0.0,43.172,11.759
2021,1,Neuquén,30223.0,70457.0,14171.0,17752.0,632.0,132862,373.0,66.842,19.896
2021,1,Río Negro,48777.0,42192.0,17828.0,13994.0,18377.0,140667,501.0,60.879,18.725
2021,1,Salta,54768.0,89187.0,31498.0,5669.0,6452.0,187572,2.0,53.93,13.061
2021,1,San Juan,40072.0,11589.0,6671.0,11482.0,8453.0,78011,256.0,39.055,9.948
2021,1,San Luis,8417.0,10678.0,28.0,63826.0,36205.0,119006,148.0,81.237,23.249
2021,1,Santa Cruz,12347.0,23089.0,5975.0,4264.0,390.0,45868,197.0,41.648,12.392
2021,1,Santa Fe,277012.0,421480.0,70976.0,39140.0,17519.0,825990,137.0,73.917,23.242
2021,1,Santiago Del Estero,26468.0,75849.0,570.0,5158.0,3596.0,111640,1.0,45.673,11.335
2021,1,Tierra Del Fuego,12853.0,27247.0,6.0,0.0,316.0,40133,289.0,77.349,22.931
2021,1,Tucumán,147199.0,12185.0,69954.0,1834.0,740.0,231890,22.0,54.819,13.579
2020,4,Buenos Aires,635651.0,2441248.0,804991.0,93444.0,57927.0,4028195,5066.0,68.977,22.902
2020,4,Capital Federal,163060.0,1142528.0,39890.0,4815.0,29237.0,1378140,1390.0,108.311,44.834
2020,4,Catamarca,26870.0,5115.0,17856.0,322.0,2233.0,52395,1.0,49.407,12.567
2020,4,Chaco,44332.0,61200.0,23687.0,7997.0,1875.0,139088,3.0,43.031,11.501
2020,4,Chubut,45703.0,39756.0,3040.0,23363.0,18712.0,129749,825.0,68.352,20.951
2020,4,Córdoba,267396.0,439322.0,125620.0,52827.0,17536.0,902646,55.0,78.08,23.905
2020,4,Corrientes,50102.0,61495.0,3146.0,5626.0,5290.0,125656,3.0,42.428,11.172
2020,4,Entre Ríos,85683.0,113670.0,15653.0,20206.0,12169.0,247368,13.0,59.474,17.782
2020,4,Formosa,21264.0,10789.0,2432.0,15341.0,380.0,50206,0.0,32.487,8.268
2020,4,Jujuy,32850.0,52815.0,15639.0,1077.0,3470.0,105851,0.0,53.457,13.67
2020,4,La Pampa,9009.0,58945.0,15432.0,12194.0,1315.0,96779,116.0,81.768,26.94
2020,4,La Rioja,17513.0,34984.0,1.0,250.0,30.0,52775,3.0,50.111,13.339
2020,4,Mendoza,91842.0,68364.0,36083.0,18331.0,833.0,214838,615.0,38.63,10.78
2020,4,Misiones,49462.0,79855.0,6589.0,4359.0,6896.0,147161,0.0,42.644,11.615
2020,4,Neuquén,30468.0,70614.0,13732.0,17689.0,632.0,132762,373.0,67.002,19.944
2020,4,Río Negro,48991.0,42022.0,17826.0,13994.0,18377.0,140709,501.0,61.089,18.789
2020,4,Salta,56659.0,87817.0,30604.0,5858.0,6452.0,187388,2.0,54.043,13.088
2020,4,San Juan,40072.0,7004.0,6599.0,10468.0,8453.0,72340,256.0,36.321,9.252
2020,4,San Luis,8417.0,11767.0,27.0,63019.0,36205.0,119287,148.0,81.679,23.375
2020,4,Santa Cruz,12347.0,19657.0,1041.0,4659.0,2970.0,40477,197.0,37.0,11.009
2020,4,Santa Fe,287271.0,414746.0,62692.0,38712.0,17392.0,820676,137.0,73.581,23.137
2020,4,Santiago Del Estero,26812.0,70522.0,570.0,5169.0,3596.0,106668,1.0,43.749,10.857
2020,4,Tierra Del Fuego,12853.0,26439.0,6.0,0.0,316.0,39325,289.0,76.266,22.61
2020,4,Tucumán,149322.0,11150.0,68043.0,1834.0,740.0,231067,22.0,54.783,13.57
2020,3,Buenos Aires,653930.0,2384557.0,749087.0,94162.0,55541.0,3932211,5066.0,67.656,22.41
2020,3,Capital Federal,170375.0,1129573.0,39417.0,3936.0,29374.0,1371285,1390.0,107.676,44.623
2020,3,Catamarca,26868.0,3690.0,16857.0,261.0,2228.0,49903,1.0,47.157,11.995
2020,3,Chaco,45745.0,58825.0,20675.0,6706.0,2003.0,133951,3.0,41.542,11.103
2020,3,Chubut,45761.0,39386.0,2897.0,23216.0,18767.0,129202,825.0,68.344,20.949
2020,3,Córdoba,276360.0,430771.0,102217.0,48368.0,9756.0,867417,55.0,75.22,23.03
2020,3,Corrientes,50858.0,58681.0,2960.0,5513.0,5379.0,123388,3.0,41.751,10.994
2020,3,Entre Ríos,87892.0,106950.0,13954.0,20379.0,12320.0,241482,13.0,58.19,17.398
2020,3,Formosa,21790.0,10003.0,2000.0,15023.0,393.0,49209,0.0,31.906,8.12
2020,3,Jujuy,32611.0,57682.0,11112.0,952.0,4371.0,106728,0.0,54.044,13.82
2020,3,La Pampa,9015.0,56845.0,14677.0,11893.0,1305.0,93619,116.0,79.264,26.116
2020,3,La Rioja,17346.0,34984.0,1.0,250.0,35.0,52613,3.0,50.118,13.341
2020,3,Mendoza,91908.0,64672.0,32817.0,17523.0,868.0,207173,615.0,37.349,10.422
2020,3,Misiones,50195.0,77989.0,2572.0,3445.0,8985.0,143186,0.0,41.604,11.332
2020,3,Neuquén,30222.0,70446.0,11043.0,16787.0,737.0,128862,373.0,65.244,19.42
2020,3,Río Negro,49530.0,40001.0,10381.0,13187.0,18368.0,130966,501.0,57.052,17.548
2020,3,Salta,58216.0,84128.0,25445.0,5764.0,7293.0,180844,2.0,52.316,12.67
2020,3,San Juan,40092.0,9223.0,5509.0,14023.0,8480.0,77071,256.0,38.79,9.881
2020,3,San Luis,8401.0,10077.0,6.0,61828.0,36253.0,116417,148.0,79.962,22.884
2020,3,Santa Cruz,12845.0,16098.0,1027.0,6938.0,2373.0,39084,197.0,35.952,10.697
2020,3,Santa Fe,295051.0,405807.0,45721.0,37112.0,19307.0,802861,137.0,72.121,22.678
2020,3,Santiago Del Estero,26419.0,70720.0,555.0,4185.0,3613.0,105491,1.0,43.376,10.765
2020,3,Tierra Del Fuego,12854.0,26491.0,0.0,0.0,310.0,39366,289.0,76.809,22.772
2020,3,Tucumán,149605.0,11752.0,59949.0,1808.0,762.0,223854,22.0,53.228,13.185
2020,2,Buenos Aires,661272.0,2244277.0,723072.0,91736.0,57189.0,3772480,5066.0,65.221,21.553
2020,2,Capital Federal,178896.0,1106133.0,39482.0,3937.0,29373.0,1356431,1390.0,106.415,44.152
2020,2,Catamarca,26968.0,3641.0,14878.0,261.0,2228.0,47975,1.0,45.432,11.557
2020,2,Chaco,46816.0,56017.0,17266.0,6452.0,1581.0,128129,3.0,39.833,10.646
2020,2,Chubut,45761.0,38279.0,1324.0,17678.0,5614.0,107831,825.0,57.345,17.578
2020,2,Córdoba,282858.0,415007.0,85818.0,44522.0,8263.0,836413,55.0,72.714,22.263
2020,2,Corrientes,51248.0,55536.0,3144.0,3927.0,5011.0,118863,3.0,40.305,10.613
2020,2,Entre Ríos,89391.0,99423.0,13954.0,20042.0,11303.0,234100,13.0,56.539,16.905
2020,2,Formosa,21805.0,9353.0,1882.0,14723.0,169.0,47932,0.0,31.139,7.926
2020,2,Jujuy,32705.0,38938.0,5057.0,952.0,16664.0,94316,0.0,47.888,12.246
2020,2,La Pampa,8551.0,54422.0,14232.0,11314.0,1290.0,89693,116.0,76.102,25.074
2020,2,La Rioja,16885.0,34984.0,1.0,250.0,35.0,52152,3.0,49.84,13.268
2020,2,Mendoza,91904.0,62941.0,29613.0,15924.0,802.0,200569,615.0,36.252,10.117
2020,2,Misiones,50792.0,74497.0,2579.0,3319.0,9153.0,140340,0.0,40.888,11.137
2020,2,Neuquén,30256.0,67990.0,11037.0,15755.0,1134.0,125799,373.0,63.898,19.021
2020,2,Río Negro,49756.0,39650.0,10382.0,11331.0,18367.0,128985,501.0,56.369,17.338
2020,2,Salta,59502.0,81740.0,24289.0,5123.0,7108.0,177760,2.0,51.582,12.493
2020,2,San Juan,40092.0,8275.0,5509.0,7019.0,8882.0,69521,256.0,35.095,8.94
2020,2,San Luis,8401.0,8357.0,6.0,60935.0,36253.0,113804,148.0,78.41,22.44
2020,2,Santa Cruz,12845.0,16044.0,1027.0,6585.0,2368.0,38672,197.0,35.793,10.651
2020,2,Santa Fe,299974.0,381679.0,46698.0,30487.0,19094.0,777795,137.0,70.002,22.012
2020,2,Santiago Del Estero,25917.0,72074.0,355.0,3038.0,4063.0,105446,1.0,43.467,10.788
2020,2,Tierra Del Fuego,12854.0,26025.0,0.0,0.0,310.0,38900,289.0,76.369,22.642
2020,2,Tucumán,150084.0,9833.0,55120.0,1357.0,762.0,217134,22.0,51.781,12.827
2020,1,Buenos Aires,673237.0,2210349.0,720688.0,85443.0,18334.0,3702985,5066.0,64.326,21.208
2020,1,Capital Federal,184494.0,1097635.0,38898.0,3911.0,28556.0,1352104,1390.0,105.98,44.024
2020,1,Catamarca,21945.0,3146.0,12056.0,261.0,2227.0,39634,1.0,37.615,9.568
2020,1,Chaco,46356.0,54144.0,11958.0,6239.0,1580.0,120274,3.0,37.484,10.018
2020,1,Chubut,45763.0,27287.0,1324.0,16885.0,5479.0,95938,800.0,51.268,15.715
2020,1,Córdoba,286168.0,406109.0,68512.0,41617.0,8693.0,811044,55.0,70.688,21.642
2020,1,Corrientes,51126.0,53231.0,2172.0,2437.0,5004.0,113967,3.0,38.729,10.198
2020,1,Entre Ríos,90368.0,95434.0,13245.0,18737.0,14062.0,231833,13.0,56.12,16.779
2020,1,Formosa,21068.0,8887.0,1800.0,14510.0,169.0,46434,0.0,30.228,7.694
2020,1,Jujuy,32066.0,38938.0,3078.0,942.0,16641.0,91665,0.0,46.67,11.935
2020,1,La Pampa,8553.0,53755.0,13821.0,11295.0,1802.0,89110,116.0,75.767,24.963
2020,1,La Rioja,13076.0,34984.0,0.0,251.0,29.0,48337,3.0,46.347,12.337
2020,1,Mendoza,91955.0,50251.0,28059.0,12465.0,722.0,182837,615.0,33.142,9.249
2020,1,Misiones,51458.0,69452.0,1220.0,460.0,10962.0,133552,0.0,39.018,10.628
2020,1,Neuquén,29305.0,65951.0,11031.0,14711.0,729.0,121354,373.0,61.847,18.41
2020,1,Río Negro,47756.0,38479.0,10381.0,11222.0,18362.0,125699,501.0,55.116,16.953
2020,1,Salta,60426.0,75593.0,23025.0,4125.0,7212.0,170379,2.0,49.596,12.012
2020,1,San Juan,40092.0,6448.0,5508.0,7082.0,5101.0,63975,256.0,32.392,8.251
2020,1,San Luis,8301.0,7612.0,5.0,58301.0,36333.0,110404,148.0,76.309,21.839
2020,1,Santa Cruz,12845.0,15766.0,1026.0,6817.0,2368.0,38625,197.0,35.974,10.704
2020,1,Santa Fe,302366.0,383673.0,35123.0,30488.0,19468.0,770981,137.0,69.524,21.861
2020,1,Santiago Del Estero,24695.0,70424.0,200.0,2779.0,4657.0,102754,1.0,42.466,10.539
2020,1,Tierra Del Fuego,12854.0,25632.0,0.0,0.0,308.0,38505,289.0,76.07,22.553
2020,1,Tucumán,143184.0,10494.0,44687.0,1355.0,347.0,200045,22.0,47.848,11.852
2019,4,Buenos Aires,720011.0,2191672.0,669194.0,87111.0,18266.0,3681120,5134.0,64.252,21.135
2019,4,Capital Federal,196938.0,1093143.0,35534.0,3914.0,28576.0,1356695,1410.0,106.245,44.187
2019,4,Catamarca,22999.0,3318.0,9506.0,261.0,2227.0,38310,1.0,36.438,9.269
2019,4,Chaco,48661.0,53602.0,8831.0,5229.0,1580.0,117900,3.0,36.835,9.845
2019,4,Chubut,47045.0,26977.0,1324.0,15267.0,5489.0,95292,810.0,51.145,15.677
2019,4,Córdoba,296872.0,410038.0,53335.0,37750.0,8693.0,806633,55.0,70.483,21.579
2019,4,Corrientes,52525.0,51845.0,2002.0,2458.0,5004.0,113831,3.0,38.767,10.208
2019,4,Entre Ríos,92981.0,99206.0,12875.0,18561.0,15407.0,239017,13.0,57.992,17.339
2019,4,Formosa,21567.0,8684.0,1760.0,14531.0,169.0,46711,0.0,30.471,7.755
2019,4,Jujuy,32949.0,37604.0,873.0,814.0,16641.0,88881,0.0,45.378,11.604
2019,4,La Pampa,15457.0,56854.0,4942.0,11341.0,1805.0,90280,119.0,76.924,25.345
2019,4,La Rioja,13738.0,34984.0,0.0,251.0,29.0,48999,3.0,47.136,12.548
2019,4,Mendoza,96678.0,49711.0,24989.0,13672.0,730.0,185157,623.0,33.649,9.39
2019,4,Misiones,53116.0,69676.0,847.0,441.0,11733.0,135813,0.0,39.789,10.838
2019,4,Neuquén,29826.0,60970.0,10549.0,14246.0,854.0,116069,376.0,59.356,17.668
2019,4,Río Negro,49747.0,37933.0,9658.0,11437.0,18365.0,126636,504.0,55.705,17.134
2019,4,Salta,63272.0,76062.0,21865.0,3040.0,8206.0,172443,2.0,50.355,12.195
2019,4,San Juan,41360.0,6338.0,4931.0,7241.0,5104.0,64715,259.0,32.855,8.369
2019,4,San Luis,8569.0,8027.0,6.0,55266.0,36333.0,108053,148.0,74.92,21.441
2019,4,Santa Cruz,13264.0,15899.0,1036.0,6800.0,2371.0,39170,200.0,36.711,10.923
2019,4,Santa Fe,312072.0,382254.0,27464.0,26978.0,20401.0,769019,150.0,69.482,21.848
2019,4,Santiago Del Estero,24682.0,71239.0,200.0,2810.0,4657.0,103587,1.0,42.921,10.652
2019,4,Tierra Del Fuego,13261.0,26821.0,0.0,0.0,310.0,40101,291.0,79.695,23.628
2019,4,Tucumán,146985.0,11012.0,39574.0,725.0,348.0,198621,23.0,47.649,11.803
2019,3,Buenos Aires,1277249.0,2144956.0,425386.0,85572.0,27070.0,3950114,10119.0,69.356,22.762
2019,3,Capital Federal,300288.0,1080973.0,24900.0,3895.0,31155.0,1437734,3477.0,112.645,46.905
2019,3,Catamarca,24349.0,5543.0,13.0,244.0,2251.0,32391,9.0,30.884,7.856
2019,3,Chaco,50416.0,49156.0,8063.0,5224.0,1592.0,114438,13.0,35.846,9.581
2019,3,Chubut,37298.0,27090.0,1917.0,15149.0,7551.0,87481,1524.0,47.566,14.58
2019,3,Córdoba,307780.0,399231.0,30064.0,37277.0,8701.0,782946,107.0,68.592,21.001
2019,3,Corrientes,53344.0,50230.0,1888.0,2458.0,4839.0,112749,10.0,38.485,10.134
2019,3,Entre Ríos,94947.0,96305.0,12888.0,18530.0,15432.0,238057,45.0,57.9,17.312
2019,3,Formosa,21777.0,8359.0,1476.0,14292.0,162.0,46066,0.0,30.112,7.664
2019,3,Jujuy,33110.0,35742.0,274.0,812.0,16638.0,86575,1.0,44.322,11.334
2019,3,La Pampa,19469.0,52941.0,4994.0,11462.0,1962.0,90559,269.0,77.453,25.519
2019,3,La Rioja,14390.0,34984.0,11.0,251.0,41.0,49659,18.0,47.943,12.762
2019,3,Mendoza,148640.0,54312.0,6865.0,12975.0,1545.0,223015,1322.0,40.737,11.368
2019,3,Misiones,54493.0,65872.0,829.0,419.0,12270.0,133883,0.0,39.333,10.713
2019,3,Neuquén,43347.0,60484.0,5560.0,13512.0,2518.0,123435,1986.0,64.139,19.092
2019,3,Río Negro,67478.0,37425.0,9739.0,10806.0,18847.0,143391,904.0,63.425,19.508
2019,3,Salta,65799.0,74329.0,733.0,1580.0,9394.0,151834,1.0,44.476,10.772
2019,3,San Juan,51670.0,7425.0,1227.0,7241.0,5535.0,72535,563.0,37.062,9.441
2019,3,San Luis,13037.0,10561.0,350.0,62286.0,36466.0,122409,291.0,85.226,24.391
2019,3,Santa Cruz,10663.0,17056.0,969.0,6544.0,2738.0,37642,328.0,35.628,10.602
2019,3,Santa Fe,319396.0,377171.0,18690.0,24269.0,21408.0,760706,228.0,68.872,21.656
2019,3,Santiago Del Estero,24556.0,71198.0,219.0,2759.0,34400.0,133130,2.0,55.304,13.725
2019,3,Tierra Del Fuego,19790.0,26659.0,651.0,0.0,1487.0,48043,544.0,96.462,28.599
2019,3,Tucumán,150918.0,12089.0,116.0,684.0,324.0,164099,32.0,39.488,9.782
2019,2,Buenos Aires,1284658.0,2079900.0,382971.0,75240.0,32929.0,3845594,10104.0,67.847,22.216
2019,2,Capital Federal,309937.0,1061358.0,36082.0,3962.0,4281.0,1412177,3443.0,110.546,46.086
2019,2,Catamarca,25682.0,5543.0,13.0,146.0,2251.0,33626,9.0,32.131,8.173
2019,2,Chaco,50765.0,47448.0,4203.0,4727.0,1591.0,108721,13.0,34.14,9.125
2019,2,Chubut,37313.0,26338.0,1917.0,14443.0,7545.0,86038,1518.0,46.988,14.404
2019,2,Córdoba,314768.0,388254.0,23023.0,33847.0,15236.0,775023,105.0,68.071,20.842
2019,2,Corrientes,53835.0,47431.0,1701.0,2444.0,6138.0,111539,10.0,38.156,10.047
2019,2,Entre Ríos,97081.0,91081.0,12764.0,17369.0,17529.0,235780,44.0,57.478,17.186
2019,2,Formosa,21916.0,8686.0,1382.0,14292.0,162.0,46438,0.0,30.418,7.742
2019,2,Jujuy,33022.0,30742.0,274.0,812.0,21857.0,86706,1.0,44.512,11.383
2019,2,La Pampa,19471.0,52101.0,4840.0,10789.0,3004.0,89937,268.0,77.083,25.398
2019,2,La Rioja,15014.0,34984.0,11.0,251.0,41.0,50283,18.0,48.705,12.966
2019,2,Mendoza,148673.0,54027.0,6865.0,12748.0,1544.0,222535,1322.0,40.755,11.373
2019,2,Misiones,55373.0,64272.0,543.0,421.0,12269.0,132878,0.0,39.146,10.663
2019,2,Neuquén,43420.0,59021.0,4983.0,12792.0,2737.0,120954,1999.0,63.081,18.778
2019,2,Río Negro,67841.0,36527.0,4037.0,10485.0,19657.0,137632,915.0,61.094,18.792
2019,2,Salta,68827.0,62343.0,725.0,1210.0,9463.0,142567,1.0,41.893,10.147
2019,2,San Juan,51680.0,7425.0,1174.0,2870.0,6876.0,69461,564.0,35.6,9.069
2019,2,San Luis,11130.0,10298.0,347.0,57242.0,38368.0,117094,291.0,81.79,23.408
2019,2,Santa Cruz,10665.0,10257.0,379.0,6514.0,2735.0,30225,325.0,28.846,8.584
2019,2,Santa Fe,325420.0,355140.0,18236.0,21980.0,22708.0,743258,226.0,67.423,21.201
2019,2,Santiago Del Estero,24393.0,64783.0,219.0,2759.0,34600.0,126752,2.0,52.79,13.102
2019,2,Tierra Del Fuego,19790.0,25527.0,651.0,0.0,1486.0,46910,544.0,94.798,28.108
2019,2,Tucumán,153121.0,12089.0,116.0,684.0,321.0,166299,32.0,40.136,9.942
2019,1,Buenos Aires,1304507.0,2020730.0,336362.0,64867.0,20201.0,3736563,10104.0,66.243,21.642
2019,1,Capital Federal,328246.0,1030814.0,32281.0,3978.0,4281.0,1396157,3443.0,109.196,45.579
2019,1,Catamarca,26912.0,4443.0,16.0,0.0,2251.0,33613,9.0,32.19,8.189
2019,1,Chaco,53409.0,43555.0,1951.0,3628.0,1134.0,103664,13.0,32.636,8.723
2019,1,Chubut,37302.0,23065.0,1923.0,14443.0,3045.0,78260,1518.0,42.998,13.18
2019,1,Córdoba,323272.0,363959.0,19902.0,24615.0,12367.0,744010,105.0,65.517,20.06
2019,1,Corrientes,55842.0,43444.0,1615.0,1528.0,58.0,102477,10.0,35.135,9.252
2019,1,Entre Ríos,100999.0,90253.0,12723.0,16231.0,12241.0,232403,44.0,56.788,16.979
2019,1,Formosa,22570.0,7878.0,940.0,13761.0,62.0,45211,0.0,29.678,7.554
2019,1,Jujuy,33248.0,12484.0,153.0,640.0,43622.0,90146,1.0,46.408,11.868
2019,1,La Pampa,18832.0,57373.0,2891.0,9023.0,1041.0,88892,268.0,76.355,25.158
2019,1,La Rioja,16367.0,34984.0,12.0,252.0,41.0,51638,18.0,50.185,13.359
2019,1,Mendoza,148524.0,40205.0,5662.0,10363.0,1544.0,204976,1322.0,37.657,10.509
2019,1,Misiones,54898.0,59214.0,465.0,426.0,7717.0,122720,0.0,36.257,9.876
2019,1,Neuquén,40747.0,55634.0,3114.0,12510.0,2372.0,112321,2056.0,58.878,17.526
2019,1,Río Negro,68377.0,34124.0,3994.0,9736.0,4857.0,120173,915.0,53.572,16.478
2019,1,Salta,74426.0,57933.0,647.0,1135.0,1879.0,136019,1.0,40.098,9.712
2019,1,San Juan,51660.0,5838.0,808.0,2932.0,1207.0,61881,564.0,31.833,8.109
2019,1,San Luis,11108.0,7784.0,378.0,53097.0,23968.0,96044,291.0,67.338,19.272
2019,1,Santa Cruz,10659.0,4615.0,382.0,6514.0,2735.0,24580,325.0,23.668,7.043
2019,1,Santa Fe,340038.0,340344.0,15621.0,23215.0,17860.0,736851,227.0,66.974,21.06
2019,1,Santiago Del Estero,25337.0,61547.0,23.0,2847.0,99.0,89851,2.0,37.519,9.312
2019,1,Tierra Del Fuego,19789.0,23549.0,1623.0,0.0,1486.0,45903,544.0,93.376,27.685
2019,1,Tucumán,159215.0,11670.0,118.0,678.0,321.0,171970,32.0,41.631,10.313
2018,4,Buenos Aires,1305576.0,1949637.0,296102.0,65477.0,19814.0,3626502,10104.0,64.603,21.059
2018,4,Capital Federal,328253.0,1019490.0,33042.0,3978.0,4257.0,1385577,3443.0,108.273,45.249
2018,4,Catamarca,26912.0,4443.0,16.0,0.0,2212.0,33574,9.0,32.225,8.197
2018,4,Chaco,53409.0,43555.0,1940.0,3236.0,1130.0,103257,13.0,32.591,8.711
2018,4,Chubut,37215.0,23065.0,952.0,14443.0,3047.0,77204,1518.0,42.611,13.062
2018,4,Córdoba,328854.0,355716.0,17675.0,21851.0,13243.0,737234,105.0,65.089,19.928
2018,4,Corrientes,55842.0,42418.0,796.0,1515.0,30.0,100591,10.0,34.566,9.102
2018,4,Entre Ríos,101168.0,86198.0,4853.0,15472.0,14356.0,222003,44.0,54.375,16.258
2018,4,Formosa,22619.0,7880.0,887.0,13761.0,57.0,45204,0.0,29.737,7.569
2018,4,Jujuy,33248.0,12484.0,153.0,640.0,43608.0,90132,1.0,46.532,11.899
2018,4,La Pampa,18832.0,55337.0,2685.0,7772.0,1010.0,85368,268.0,73.494,24.215
2018,4,La Rioja,16367.0,34984.0,12.0,252.0,36.0,51633,18.0,50.348,13.403
2018,4,Mendoza,148524.0,40205.0,5665.0,10363.0,1547.0,204982,1322.0,37.758,10.537
2018,4,Misiones,55500.0,53673.0,465.0,426.0,6209.0,116273,0.0,34.451,9.384
2018,4,Neuquén,40747.0,55634.0,3115.0,12425.0,2444.0,112309,2056.0,59.069,17.583
2018,4,Río Negro,68377.0,34292.0,1299.0,8037.0,4832.0,115922,915.0,51.861,15.952
2018,4,Salta,74295.0,57539.0,638.0,253.0,1853.0,134577,1.0,39.802,9.64
2018,4,San Juan,51660.0,5838.0,806.0,2883.0,1211.0,61834,564.0,31.896,8.125
2018,4,San Luis,11108.0,7784.0,378.0,53097.0,23964.0,96040,291.0,67.55,19.333
2018,4,Santa Cruz,10659.0,4615.0,382.0,6378.0,2734.0,24443,325.0,23.689,7.049
2018,4,Santa Fe,335519.0,322782.0,14387.0,18705.0,28997.0,720161,229.0,65.587,20.624
2018,4,Santiago Del Estero,25339.0,61243.0,23.0,2649.0,81.0,89333,2.0,37.401,9.282
2018,4,Tierra Del Fuego,19789.0,23349.0,1623.0,0.0,1499.0,45716,544.0,93.593,27.749
2018,4,Tucumán,159215.0,11670.0,119.0,686.0,314.0,171972,32.0,41.758,10.344
2018,3,Buenos Aires,1435856.0,1929273.0,156382.0,62318.0,26448.0,3599714,10563.0,64.441,20.959
2018,3,Capital Federal,334353.0,1009252.0,35694.0,3872.0,9319.0,1385804,6686.0,108.446,45.377
2018,3,Catamarca,27553.0,4443.0,15.0,1.0,2214.0,34215,11.0,32.916,8.373
2018,3,Chaco,53927.0,42359.0,1990.0,2628.0,1129.0,102021,12.0,32.283,8.629
2018,3,Chubut,58887.0,23065.0,1239.0,13817.0,6728.0,101310,2426.0,56.392,17.286
2018,3,Córdoba,337620.0,342401.0,15785.0,19213.0,10839.0,725764,94.0,64.242,19.669
2018,3,Corrientes,56444.0,41300.0,212.0,1468.0,32.0,99445,11.0,34.25,9.019
2018,3,Entre Ríos,103318.0,83714.0,2403.0,15093.0,80.0,204560,48.0,50.222,15.016
2018,3,Formosa,22777.0,7589.0,817.0,13625.0,57.0,44865,0.0,29.577,7.528
2018,3,Jujuy,33363.0,10856.0,32.0,641.0,43.0,44934,1.0,23.264,5.949
2018,3,La Pampa,12415.0,54574.0,8437.0,7011.0,987.0,83180,244.0,71.75,23.641
2018,3,La Rioja,16587.0,34984.0,13.0,253.0,35.0,51855,17.0,50.733,13.505
2018,3,Mendoza,151033.0,40205.0,5744.0,8195.0,1852.0,205545,1484.0,37.991,10.602
2018,3,Misiones,56290.0,50793.0,512.0,391.0,56.0,108042,0.0,32.104,8.745
2018,3,Neuquén,46602.0,54129.0,998.0,12277.0,2712.0,114713,2005.0,60.487,18.005
2018,3,Río Negro,68590.0,33474.0,1252.0,5051.0,5125.0,112433,1059.0,50.543,15.547
2018,3,Salta,76600.0,53980.0,678.0,234.0,1391.0,132882,1.0,39.427,9.549
2018,3,San Juan,54025.0,5838.0,826.0,2744.0,1048.0,63823,658.0,33.051,8.419
2018,3,San Luis,11096.0,7784.0,368.0,52859.0,2314.0,74121,300.0,52.353,14.983
2018,3,Santa Cruz,18606.0,4574.0,585.0,6238.0,3996.0,33565,434.0,32.728,9.739
2018,3,Santa Fe,339126.0,312866.0,11749.0,16337.0,15022.0,694883,217.0,63.41,19.939
2018,3,Santiago Del Estero,25805.0,58789.0,23.0,1662.0,81.0,86358,2.0,36.25,8.997
2018,3,Tierra Del Fuego,19365.0,22649.0,1502.0,1.0,2047.0,45056,508.0,92.772,27.506
2018,3,Tucumán,161209.0,9280.0,110.0,252.0,315.0,171135,31.0,41.681,10.325
2018,2,Buenos Aires,1450203.0,1807868.0,143626.0,71256.0,27746.0,3490134,10565.0,62.782,20.375
2018,2,Capital Federal,342431.0,977916.0,35610.0,3908.0,9321.0,1362498,6688.0,106.535,44.633
2018,2,Catamarca,27444.0,4415.0,15.0,1.0,2214.0,34078,11.0,32.858,8.358
2018,2,Chaco,54134.0,40750.0,562.0,1946.0,1129.0,98509,12.0,31.252,8.353
2018,2,Chubut,58935.0,19591.0,1239.0,14070.0,6729.0,98137,2427.0,54.902,16.83
2018,2,Córdoba,345141.0,327636.0,13832.0,16355.0,10109.0,712979,94.0,63.274,19.373
2018,2,Corrientes,56541.0,39715.0,201.0,1468.0,32.0,97946,11.0,33.81,8.903
2018,2,Entre Ríos,104811.0,80376.0,2405.0,12313.0,80.0,199937,48.0,49.203,14.712
2018,2,Formosa,23543.0,7311.0,18.0,13625.0,57.0,44554,0.0,29.434,7.492
2018,2,Jujuy,33571.0,10856.0,23.0,640.0,43.0,45132,1.0,23.432,5.992
2018,2,La Pampa,12416.0,53587.0,8420.0,7011.0,987.0,82177,244.0,71.04,23.407
2018,2,La Rioja,16663.0,34984.0,13.0,253.0,35.0,51931,17.0,50.978,13.571
2018,2,Mendoza,152938.0,36872.0,3084.0,6206.0,1852.0,199468,1484.0,36.973,10.318
2018,2,Misiones,57265.0,47923.0,512.0,391.0,56.0,106147,0.0,31.631,8.616
2018,2,Neuquén,46633.0,52855.0,998.0,12649.0,2713.0,113842,2006.0,60.237,17.932
2018,2,Río Negro,68667.0,32795.0,1252.0,4396.0,5125.0,111176,1059.0,50.148,15.426
2018,2,Salta,78386.0,53478.0,678.0,234.0,1391.0,134166,1.0,39.937,9.673
2018,2,San Juan,54080.0,5068.0,826.0,3079.0,1048.0,63443,658.0,32.947,8.393
2018,2,San Luis,11104.0,7666.0,368.0,16.0,2314.0,21168,300.0,15.15,4.336
2018,2,Santa Cruz,18615.0,4474.0,585.0,6734.0,3997.0,33970,435.0,33.332,9.92
2018,2,Santa Fe,337934.0,304349.0,11354.0,15801.0,15114.0,684243,309.0,62.571,19.676
2018,2,Santiago Del Estero,26074.0,55935.0,23.0,1662.0,81.0,83773,2.0,35.256,8.75
2018,2,Tierra Del Fuego,19372.0,22756.0,531.0,1.0,2047.0,44199,508.0,91.605,27.162
2018,2,Tucumán,160315.0,8965.0,110.0,252.0,315.0,169926,31.0,41.513,10.284
2018,1,Buenos Aires,1452061.0,1793884.0,133928.0,64379.0,31194.0,3464882,10564.0,62.626,20.28
2018,1,Capital Federal,349995.0,968483.0,35535.0,3164.0,9393.0,1359882,6688.0,106.236,44.563
2018,1,Catamarca,27300.0,4415.0,15.0,1.0,2214.0,33934,11.0,32.794,8.342
2018,1,Chaco,54879.0,40157.0,383.0,388.0,1130.0,96925,12.0,30.83,8.24
2018,1,Chubut,56375.0,19591.0,1194.0,14070.0,6729.0,95532,2427.0,53.716,16.466
2018,1,Córdoba,349342.0,326894.0,13178.0,13237.0,11275.0,713825,101.0,63.517,19.447
2018,1,Corrientes,56937.0,35225.0,888.0,1334.0,33.0,94406,11.0,32.663,8.601
2018,1,Entre Ríos,106998.0,75751.0,3789.0,10776.0,80.0,197346,48.0,48.681,14.556
2018,1,Formosa,23556.0,7095.0,17.0,1603.0,57.0,32328,0.0,21.404,5.448
2018,1,Jujuy,33856.0,10456.0,23.0,28.0,43.0,44405,1.0,23.121,5.913
2018,1,La Pampa,10807.0,51389.0,8386.0,10556.0,1926.0,82668,396.0,71.752,23.641
2018,1,La Rioja,16960.0,34984.0,13.0,253.0,35.0,52228,17.0,51.444,13.695
2018,1,Mendoza,152931.0,36872.0,3086.0,6206.0,1852.0,199463,1484.0,37.072,10.346
2018,1,Misiones,56311.0,46880.0,328.0,5.0,56.0,103580,0.0,30.957,8.432
2018,1,Neuquén,46714.0,55072.0,1000.0,12404.0,2713.0,115897,2006.0,61.517,18.313
2018,1,Río Negro,68769.0,31712.0,1251.0,4259.0,5128.0,110057,1062.0,49.817,15.324
2018,1,Salta,79936.0,51534.0,118.0,204.0,1391.0,133182,1.0,39.776,9.634
2018,1,San Juan,54080.0,5068.0,826.0,2246.0,1048.0,62610,658.0,32.609,8.307
2018,1,San Luis,11104.0,7594.0,368.0,16.0,2314.0,21096,300.0,15.149,4.336
2018,1,Santa Cruz,18615.0,4474.0,1799.0,6734.0,2783.0,33970,435.0,33.553,9.985
2018,1,Santa Fe,341997.0,300421.0,10674.0,11636.0,15298.0,679717,309.0,62.282,19.585
2018,1,Santiago Del Estero,26788.0,54594.0,23.0,1432.0,81.0,82916,2.0,34.988,8.684
2018,1,Tierra Del Fuego,19372.0,9663.0,531.0,1.0,2047.0,31106,508.0,65.2,19.332
2018,1,Tucumán,158611.0,8921.0,107.0,368.0,50.0,168026,31.0,41.176,10.2
2017,4,Buenos Aires,1241172.0,1718013.0,131181.0,60082.0,31448.0,3171206,10690.0,57.61,18.615
2017,4,Capital Federal,571363.0,961688.0,36277.0,3119.0,9877.0,1575418,6906.0,122.897,51.617
2017,4,Catamarca,27083.0,263.0,11.0,1.0,2200.0,29548,10.0,28.621,7.281
2017,4,Chaco,55035.0,39690.0,389.0,380.0,1121.0,96603,12.0,30.808,8.235
2017,4,Chubut,56378.0,15097.0,1187.0,14070.0,6708.0,91012,2428.0,51.463,15.776
2017,4,Córdoba,349710.0,324709.0,12778.0,12043.0,10739.0,709874,105.0,63.333,19.391
2017,4,Corrientes,56786.0,34722.0,894.0,1334.0,35.0,93760,11.0,32.515,8.562
2017,4,Entre Ríos,107764.0,73692.0,1894.0,10267.0,86.0,193654,49.0,47.885,14.318
2017,4,Formosa,23410.0,6973.0,19.0,1603.0,51.0,32056,0.0,21.271,5.414
2017,4,Jujuy,33844.0,9626.0,20.0,28.0,34.0,43551,1.0,22.742,5.816
2017,4,La Pampa,10808.0,50495.0,8272.0,10569.0,1927.0,81675,396.0,71.05,23.41
2017,4,La Rioja,16912.0,34984.0,14.0,253.0,31.0,52177,17.0,51.568,13.728
2017,4,Mendoza,152896.0,16114.0,3015.0,6206.0,1920.0,178661,1490.0,33.326,9.3
2017,4,Misiones,56271.0,47470.0,95.0,5.0,54.0,103895,0.0,31.142,8.483
2017,4,Neuquén,46739.0,54119.0,1017.0,12404.0,2692.0,114965,2006.0,61.242,18.231
2017,4,Río Negro,68690.0,30451.0,1250.0,4259.0,5114.0,108702,1062.0,49.376,15.188
2017,4,Salta,80705.0,50446.0,127.0,158.0,1376.0,132811,1.0,39.796,9.639
2017,4,San Juan,54079.0,451.0,812.0,2246.0,1036.0,57965,659.0,30.3,7.719
2017,4,San Luis,11104.0,1119.0,335.0,17.0,2329.0,14604,300.0,10.587,3.03
2017,4,Santa Cruz,18614.0,1668.0,582.0,4638.0,3950.0,29018,434.0,28.912,8.604
2017,4,Santa Fe,341680.0,293831.0,10602.0,10965.0,15382.0,672137,323.0,61.713,19.406
2017,4,Santiago Del Estero,27313.0,40407.0,19.0,1025.0,80.0,68842,2.0,29.126,7.229
2017,4,Tierra Del Fuego,19372.0,6906.0,530.0,1.0,2045.0,28346,508.0,59.894,17.758
2017,4,Tucumán,156583.0,5223.0,105.0,102.0,319.0,162298,34.0,39.897,9.883
2017,3,Buenos Aires,1288025.0,1571180.0,124920.0,35058.0,38777.0,3046758,11202.0,55.629,17.936
2017,3,Capital Federal,583249.0,941092.0,33481.0,2814.0,9723.0,1563289,7070.0,121.858,51.244
2017,3,Catamarca,26873.0,4411.0,12.0,1.0,2181.0,33467,11.0,32.491,8.265
2017,3,Chaco,54888.0,37307.0,456.0,36.0,1072.0,93747,12.0,29.976,8.012
2017,3,Chubut,56359.0,5645.0,1217.0,13503.0,6820.0,81067,2477.0,46.215,14.167
2017,3,Córdoba,344580.0,319360.0,10579.0,7137.0,14988.0,696536,108.0,62.307,19.077
2017,3,Corrientes,56247.0,33993.0,947.0,1334.0,27.0,92536,12.0,32.165,8.47
2017,3,Entre Ríos,107774.0,69596.0,1786.0,6245.0,63.0,185414,50.0,45.958,13.741
2017,3,Formosa,22647.0,6816.0,428.0,2202.0,12.0,32105,0.0,21.35,5.434
2017,3,Jujuy,33796.0,9395.0,20.0,23.0,8.0,43241,1.0,22.645,5.791
2017,3,La Pampa,11378.0,49679.0,5153.0,11536.0,1944.0,79280,410.0,69.14,22.781
2017,3,La Rioja,16638.0,34984.0,14.0,252.0,25.0,51896,17.0,51.465,13.701
2017,3,Mendoza,154036.0,33788.0,2772.0,29.0,1866.0,190958,1533.0,35.705,9.964
2017,3,Misiones,56472.0,43880.0,110.0,5.0,9.0,100476,0.0,30.206,8.228
2017,3,Neuquén,48001.0,52468.0,1044.0,11576.0,2695.0,113755,2029.0,60.83,18.108
2017,3,Río Negro,69301.0,30018.0,1106.0,3054.0,4017.0,106393,1103.0,48.519,14.924
2017,3,Salta,80782.0,50284.0,127.0,158.0,1167.0,132517,1.0,39.84,9.649
2017,3,San Juan,54499.0,5068.0,816.0,1053.0,1013.0,61789,660.0,32.367,8.245
2017,3,San Luis,11407.0,7576.0,347.0,26.0,2363.0,21408,311.0,15.478,4.43
2017,3,Santa Cruz,19220.0,5487.0,1544.0,4552.0,2887.0,33222,468.0,33.292,9.907
2017,3,Santa Fe,322953.0,290655.0,6338.0,4897.0,37499.0,662086,256.0,60.906,19.152
2017,3,Santiago Del Estero,27733.0,54096.0,19.0,911.0,35.0,82792,2.0,35.121,8.717
2017,3,Tierra Del Fuego,21587.0,7012.0,622.0,1.0,2244.0,30883,583.0,65.742,19.493
2017,3,Tucumán,154130.0,6431.0,106.0,40.0,305.0,160979,33.0,39.695,9.833
2017,2,Buenos Aires,1378549.0,1535037.0,119132.0,21555.0,24358.0,3067430,11201.0,56.272,18.104
2017,2,Capital Federal,615262.0,932466.0,38628.0,2819.0,11016.0,1592175,8016.0,124.061,52.237
2017,2,Catamarca,26401.0,255.0,14.0,1.0,34.0,26692,13.0,25.977,6.608
2017,2,Chaco,54449.0,35613.0,458.0,52.0,39.0,90597,14.0,29.046,7.764
2017,2,Chubut,43994.0,1067.0,916.0,13194.0,4804.0,62245,1730.0,35.546,10.897
2017,2,Córdoba,341748.0,303488.0,4451.0,6446.0,1505.0,657505,133.0,58.974,18.057
2017,2,Corrientes,55262.0,33192.0,258.0,1354.0,31.0,90085,12.0,31.386,8.265
2017,2,Entre Ríos,108309.0,67650.0,254.0,6448.0,71.0,182675,57.0,45.389,13.572
2017,2,Formosa,22493.0,6410.0,17.0,1023.0,13.0,29956,0.0,19.965,5.082
2017,2,Jujuy,33742.0,8858.0,22.0,0.0,35.0,42656,1.0,22.403,5.729
2017,2,La Pampa,12754.0,48310.0,5194.0,6253.0,511.0,72573,449.0,63.494,20.921
2017,2,La Rioja,16244.0,0.0,15.0,2.0,28.0,16271,18.0,16.203,4.314
2017,2,Mendoza,153331.0,13030.0,2581.0,27.0,1784.0,169302,1451.0,31.759,8.863
2017,2,Misiones,56752.0,42925.0,103.0,5.0,9.0,99794,0.0,30.089,8.196
2017,2,Neuquén,51794.0,50283.0,1133.0,11545.0,2678.0,115321,2112.0,61.91,18.431
2017,2,Río Negro,67038.0,29147.0,961.0,3213.0,1260.0,100621,998.0,46.021,14.157
2017,2,Salta,80184.0,27280.0,115.0,158.0,804.0,108540,1.0,32.739,7.93
2017,2,San Juan,48670.0,451.0,772.0,1073.0,915.0,51261,620.0,26.965,6.869
2017,2,San Luis,11432.0,1120.0,354.0,26.0,375.0,12992,315.0,9.514,2.723
2017,2,Santa Cruz,15311.0,2722.0,1365.0,4735.0,2255.0,26019,369.0,26.249,7.812
2017,2,Santa Fe,329813.0,228102.0,3234.0,4958.0,1173.0,566918,362.0,52.27,16.437
2017,2,Santiago Del Estero,28337.0,3900.0,19.0,911.0,29.0,33194,2.0,14.119,3.504
2017,2,Tierra Del Fuego,22636.0,6905.0,665.0,1.0,2350.0,31938,619.0,68.463,20.301
2017,2,Tucumán,149013.0,5223.0,116.0,14.0,45.0,154374,37.0,38.186,9.46
2017,1,Buenos Aires,1559178.0,1465817.0,118839.0,21200.0,24342.0,3178174,11202.0,58.574,18.805
2017,1,Capital Federal,428801.0,918328.0,38259.0,2730.0,10928.0,1391030,8016.0,108.369,45.688
2017,1,Catamarca,26020.0,248.0,14.0,1.0,34.0,26304,13.0,25.659,6.527
2017,1,Chaco,54430.0,34277.0,252.0,52.0,39.0,89036,14.0,28.622,7.65
2017,1,Chubut,43994.0,999.0,916.0,13194.0,4793.0,62166,1730.0,35.662,10.933
2017,1,Córdoba,335673.0,293479.0,4871.0,5782.0,1394.0,641066,133.0,57.653,17.652
2017,1,Corrientes,54993.0,31994.0,236.0,1354.0,31.0,88596,12.0,30.941,8.148
2017,1,Entre Ríos,108509.0,65095.0,230.0,6448.0,71.0,180296,57.0,44.907,13.427
2017,1,Formosa,22438.0,6215.0,16.0,1023.0,13.0,29705,0.0,19.842,5.051
2017,1,Jujuy,33869.0,9278.0,22.0,0.0,34.0,43202,1.0,22.757,5.82
2017,1,La Pampa,12754.0,47195.0,5194.0,6253.0,517.0,71458,455.0,62.669,20.649
2017,1,La Rioja,16180.0,0.0,15.0,2.0,28.0,16207,18.0,16.196,4.311
2017,1,Mendoza,153326.0,13030.0,2581.0,27.0,1769.0,169282,1451.0,31.843,8.887
2017,1,Misiones,57363.0,40142.0,101.0,5.0,8.0,97619,0.0,29.522,8.042
2017,1,Neuquén,51771.0,48109.0,1124.0,11665.0,2670.0,113227,2112.0,61.023,18.166
2017,1,Río Negro,67075.0,28785.0,954.0,3213.0,1261.0,100288,1000.0,46.03,14.159
2017,1,Salta,79837.0,26845.0,114.0,158.0,679.0,107632,1.0,32.575,7.89
2017,1,San Juan,48670.0,451.0,772.0,1073.0,907.0,51253,620.0,27.037,6.887
2017,1,San Luis,11432.0,1120.0,354.0,26.0,375.0,12992,315.0,9.546,2.732
2017,1,Santa Cruz,15502.0,2722.0,1272.0,4733.0,2257.0,26116,370.0,26.525,7.894
2017,1,Santa Fe,327458.0,226094.0,3210.0,4948.0,1172.0,562520,362.0,51.97,16.342
2017,1,Santiago Del Estero,29616.0,3900.0,19.0,911.0,29.0,34473,2.0,14.702,3.649
2017,1,Tierra Del Fuego,22636.0,6905.0,665.0,1.0,2350.0,31938,619.0,68.92,20.435
2017,1,Tucumán,147373.0,5223.0,116.0,14.0,45.0,152734,37.0,37.9,9.389
2016,4,Buenos Aires,1563542.0,1414676.0,118747.0,21394.0,24342.0,3131499,11202.0,61.237,18.579
2016,4,Capital Federal,434835.0,914952.0,38161.0,2583.0,10928.0,1393443,8016.0,120.631,45.784
2016,4,Catamarca,26735.0,250.0,14.0,1.0,34.0,27021,13.0,26.544,6.721
2016,4,Chaco,54974.0,33534.0,248.0,52.0,39.0,88833,14.0,28.787,7.653
2016,4,Chubut,43994.0,955.0,916.0,13107.0,4793.0,62035,1730.0,36.073,10.959
2016,4,Córdoba,337368.0,289344.0,3368.0,5686.0,789.0,636422,133.0,57.697,17.571
2016,4,Corrientes,54981.0,31497.0,233.0,1354.0,31.0,88084,12.0,30.981,8.12
2016,4,Entre Ríos,109359.0,64141.0,226.0,6448.0,71.0,180188,57.0,45.208,13.452
2016,4,Formosa,22400.0,6061.0,16.0,1023.0,13.0,29513,0.0,19.848,5.029
2016,4,Jujuy,33838.0,8731.0,22.0,0.0,34.0,42624,1.0,22.651,5.759
2016,4,La Pampa,12754.0,47245.0,5054.0,6253.0,522.0,71368,460.0,63.016,20.671
2016,4,La Rioja,16270.0,0.0,16.0,2.0,28.0,16298,18.0,16.455,4.351
2016,4,Mendoza,153320.0,13030.0,2579.0,27.0,1769.0,169274,1451.0,32.107,8.911
2016,4,Misiones,57983.0,39294.0,100.0,5.0,8.0,97390,0.0,29.72,8.047
2016,4,Neuquén,51742.0,46389.0,1124.0,11910.0,2670.0,111723,2112.0,60.874,17.993
2016,4,Río Negro,67057.0,28474.0,954.0,3274.0,1261.0,100020,1000.0,46.385,14.17
2016,4,Salta,79389.0,26657.0,110.0,158.0,621.0,106934,1.0,32.694,7.865
2016,4,San Juan,48670.0,451.0,772.0,1121.0,907.0,51301,620.0,27.292,6.913
2016,4,San Luis,11432.0,1120.0,354.0,26.0,375.0,12992,315.0,9.641,2.741
2016,4,Santa Cruz,15607.0,2722.0,1055.0,4823.0,2257.0,26094,370.0,27.047,7.941
2016,4,Santa Fe,326721.0,225792.0,3201.0,4946.0,1172.0,561470,362.0,52.191,16.345
2016,4,Santiago Del Estero,30192.0,3900.0,19.0,911.0,29.0,35049,2.0,15.068,3.72
2016,4,Tierra Del Fuego,22636.0,6905.0,665.0,1.0,2350.0,31938,619.0,70.305,20.571
2016,4,Tucumán,146995.0,4482.0,116.0,14.0,45.0,151615,37.0,37.981,9.35
2016,3,Buenos Aires,1574216.0,1355770.0,113463.0,18867.0,24276.0,3075387,11205.0,60.143,18.295
2016,3,Capital Federal,447726.0,905105.0,36796.0,2514.0,10963.0,1395053,8051.0,120.773,45.855
2016,3,Catamarca,26689.0,248.0,14.0,1.0,18.0,26957,13.0,26.481,6.721
2016,3,Chaco,56251.0,32730.0,232.0,2.0,15.0,89216,14.0,28.911,7.707
2016,3,Chubut,43987.0,935.0,916.0,13364.0,4750.0,62222,1730.0,36.179,11.041
2016,3,Córdoba,348481.0,285480.0,2540.0,5695.0,395.0,642458,133.0,58.244,17.786
2016,3,Corrientes,55934.0,30813.0,217.0,1354.0,22.0,88328,12.0,31.067,8.162
2016,3,Entre Ríos,112588.0,61850.0,206.0,6441.0,64.0,181092,57.0,45.435,13.552
2016,3,Formosa,21800.0,5905.0,9.0,0.0,2.0,27716,0.0,18.64,4.734
2016,3,Jujuy,34250.0,8236.0,22.0,0.0,30.0,42537,1.0,22.605,5.764
2016,3,La Pampa,12751.0,45952.0,4910.0,6236.0,515.0,69903,461.0,61.732,20.295
2016,3,La Rioja,16891.0,0.0,15.0,2.0,22.0,16912,18.0,17.075,4.53
2016,3,Mendoza,153233.0,13030.0,2576.0,28.0,1757.0,169174,1450.0,32.088,8.93
2016,3,Misiones,59776.0,38130.0,79.0,5.0,7.0,97997,0.0,29.905,8.122
2016,3,Neuquén,51752.0,44739.0,1093.0,12402.0,2617.0,110491,2112.0,60.215,17.862
2016,3,Río Negro,67043.0,28496.0,942.0,3293.0,1252.0,100024,1002.0,46.388,14.22
2016,3,Salta,80866.0,26113.0,90.0,157.0,565.0,107790,1.0,32.956,7.955
2016,3,San Juan,48670.0,451.0,770.0,1174.0,903.0,51348,620.0,27.317,6.939
2016,3,San Luis,11432.0,1113.0,354.0,23.0,371.0,12978,315.0,9.631,2.747
2016,3,Santa Cruz,15570.0,2722.0,817.0,4978.0,2170.0,25886,371.0,26.835,7.932
2016,3,Santa Fe,334911.0,223011.0,3037.0,4862.0,1190.0,566625,386.0,52.672,16.529
2016,3,Santiago Del Estero,31730.0,3900.0,19.0,3.0,8.0,35658,2.0,15.33,3.794
2016,3,Tierra Del Fuego,22636.0,6276.0,665.0,1.0,2347.0,31306,619.0,68.94,20.307
2016,3,Tucumán,147259.0,3850.0,116.0,53.0,41.0,151282,37.0,37.897,9.359
2016,2,Buenos Aires,1579448.0,1305949.0,113070.0,21163.0,25661.0,3032776,12515.0,59.339,18.099
2016,2,Capital Federal,450644.0,892209.0,36669.0,2390.0,12672.0,1384824,9760.0,120.04,45.594
2016,2,Catamarca,26262.0,245.0,14.0,1.0,34.0,26543,13.0,26.074,6.633
2016,2,Chaco,56112.0,31825.0,221.0,52.0,41.0,88235,16.0,28.594,7.643
2016,2,Chubut,43977.0,867.0,916.0,13293.0,4803.0,62116,1740.0,36.124,11.075
2016,2,Córdoba,348891.0,277615.0,1709.0,5610.0,1089.0,634680,234.0,57.548,17.62
2016,2,Corrientes,55511.0,29845.0,203.0,1354.0,43.0,86932,24.0,30.58,8.053
2016,2,Entre Ríos,112809.0,58768.0,169.0,6434.0,193.0,178194,179.0,44.739,13.377
2016,2,Formosa,22101.0,5658.0,6.0,1023.0,14.0,28801,1.0,19.37,4.93
2016,2,Jujuy,33758.0,7374.0,22.0,0.0,35.0,41187,2.0,21.888,5.598
2016,2,La Pampa,12754.0,44654.0,4708.0,6225.0,547.0,68403,485.0,60.437,19.914
2016,2,La Rioja,16691.0,0.0,15.0,2.0,28.0,16718,18.0,16.879,4.493
2016,2,Mendoza,153321.0,13030.0,2576.0,29.0,1868.0,169274,1550.0,32.126,8.966
2016,2,Misiones,59573.0,36145.0,77.0,5.0,15.0,95808,7.0,29.24,7.965
2016,2,Neuquén,51742.0,42370.0,1088.0,12466.0,2849.0,108224,2291.0,59.098,17.594
2016,2,Río Negro,67031.0,28100.0,939.0,3300.0,1334.0,99631,1073.0,46.24,14.224
2016,2,Salta,79438.0,24719.0,85.0,151.0,539.0,104929,3.0,32.082,7.771
2016,2,San Juan,48670.0,451.0,770.0,1214.0,908.0,51392,621.0,27.341,6.965
2016,2,San Luis,11432.0,1063.0,354.0,30.0,377.0,12939,317.0,9.604,2.749
2016,2,Santa Cruz,15453.0,2722.0,396.0,4996.0,2586.0,25797,356.0,26.729,7.955
2016,2,Santa Fe,336244.0,219088.0,2981.0,4744.0,1417.0,563867,607.0,52.436,16.489
2016,2,Santiago Del Estero,32101.0,3900.0,19.0,911.0,30.0,36958,3.0,15.889,3.943
2016,2,Tierra Del Fuego,22636.0,5707.0,665.0,1.0,2350.0,30740,619.0,67.718,20.081
2016,2,Tucumán,145486.0,2968.0,116.0,58.0,49.0,148636,41.0,37.236,9.225
2016,1,Buenos Aires,1583560.0,1200859.0,111231.0,21108.0,25757.0,2929903,12612.0,57.336,17.535
2016,1,Capital Federal,454425.0,832126.0,36332.0,2284.0,12729.0,1328079,9817.0,115.16,43.758
2016,1,Catamarca,26096.0,243.0,15.0,1.0,34.0,26376,13.0,25.91,6.607
2016,1,Chaco,56353.0,29994.0,211.0,52.0,41.0,86635,16.0,28.075,7.525
2016,1,Chubut,43967.0,834.0,916.0,13280.0,4803.0,62060,1740.0,36.093,11.116
2016,1,Córdoba,350884.0,252346.0,674.0,5636.0,386.0,609692,234.0,55.283,16.973
2016,1,Corrientes,55454.0,28491.0,192.0,1354.0,45.0,85510,26.0,30.081,7.941
2016,1,Entre Ríos,113101.0,54948.0,146.0,6425.0,193.0,174634,179.0,43.846,13.143
2016,1,Formosa,21852.0,5420.0,5.0,1023.0,14.0,28313,1.0,19.042,4.858
2016,1,Jujuy,33481.0,6751.0,22.0,0.0,35.0,40287,2.0,21.41,5.492
2016,1,La Pampa,12754.0,41881.0,4536.0,6209.0,549.0,65442,487.0,57.841,19.102
2016,1,La Rioja,16645.0,0.0,16.0,2.0,28.0,16673,18.0,16.834,4.497
2016,1,Mendoza,153299.0,13030.0,2576.0,34.0,1871.0,169257,1553.0,32.123,8.991
2016,1,Misiones,59538.0,33330.0,70.0,5.0,15.0,92951,7.0,28.368,7.751
2016,1,Neuquén,51702.0,36122.0,1085.0,12502.0,2850.0,101969,2292.0,55.754,16.659
2016,1,Río Negro,66894.0,27312.0,937.0,3341.0,1338.0,98745,1077.0,45.835,14.149
2016,1,Salta,78973.0,22741.0,73.0,132.0,507.0,102423,3.0,31.316,7.611
2016,1,San Juan,48670.0,451.0,770.0,1195.0,908.0,51373,621.0,27.331,6.982
2016,1,San Luis,11432.0,1042.0,354.0,27.0,377.0,12915,317.0,9.586,2.753
2016,1,Santa Cruz,15654.0,2723.0,396.0,5088.0,2426.0,25931,356.0,26.866,8.051
2016,1,Santa Fe,338052.0,204816.0,3014.0,4686.0,1428.0,551378,618.0,51.277,16.158
2016,1,Santiago Del Estero,32838.0,3900.0,19.0,911.0,30.0,37695,3.0,16.206,4.033
2016,1,Tierra Del Fuego,22636.0,4834.0,665.0,1.0,2350.0,29867,619.0,65.833,19.654
2016,1,Tucumán,144233.0,2165.0,116.0,74.0,49.0,146596,41.0,36.725,9.127
2015,4,Buenos Aires,1586343.0,1223603.0,103269.0,20397.0,25773.0,2946743,12642.0,58.292,17.683
2015,4,Capital Federal,455427.0,879950.0,19818.0,2273.0,12758.0,1360381,9845.0,118.13,44.833
2015,4,Catamarca,26180.0,242.0,15.0,1.0,34.0,26459,13.0,26.239,6.643
2015,4,Chaco,56818.0,29456.0,186.0,52.0,41.0,86537,16.0,28.351,7.537
2015,4,Chubut,43968.0,811.0,916.0,13521.0,4803.0,62279,1740.0,36.89,11.206
2015,4,Córdoba,353530.0,266062.0,480.0,5613.0,385.0,625835,235.0,57.365,17.469
2015,4,Corrientes,55681.0,28178.0,177.0,1354.0,45.0,85409,26.0,30.336,7.95
2015,4,Entre Ríos,113983.0,53411.0,122.0,6427.0,194.0,173957,180.0,44.109,13.124
2015,4,Formosa,21734.0,5314.0,4.0,1023.0,14.0,28088,1.0,19.065,4.831
2015,4,Jujuy,32934.0,6933.0,22.0,0.0,35.0,39922,2.0,21.471,5.458
2015,4,La Pampa,12755.0,42705.0,4327.0,6205.0,374.0,66054,312.0,58.756,19.272
2015,4,La Rioja,16886.0,0.0,16.0,2.0,28.0,16914,18.0,17.316,4.578
2015,4,Mendoza,153293.0,13030.0,2572.0,38.0,1874.0,169251,1556.0,32.489,9.016
2015,4,Misiones,60252.0,32533.0,48.0,5.0,15.0,92846,7.0,28.687,7.766
2015,4,Neuquén,51680.0,38902.0,1048.0,12934.0,2852.0,105122,2294.0,58.289,17.226
2015,4,Río Negro,66851.0,27221.0,915.0,3407.0,1328.0,98655,1067.0,46.439,14.185
2015,4,Salta,78744.0,22446.0,47.0,129.0,554.0,101917,3.0,31.593,7.6
2015,4,San Juan,48670.0,451.0,770.0,1230.0,908.0,51408,621.0,27.665,7.007
2015,4,San Luis,11432.0,1025.0,354.0,30.0,377.0,12901,317.0,9.706,2.759
2015,4,Santa Cruz,15614.0,2723.0,396.0,5261.0,2409.0,26047,356.0,27.745,8.143
2015,4,Santa Fe,339843.0,212911.0,2885.0,4596.0,1437.0,561045,627.0,52.608,16.475
2015,4,Santiago Del Estero,33582.0,4365.0,19.0,1139.0,30.0,39132,3.0,17.005,4.198
2015,4,Tierra Del Fuego,22636.0,4301.0,665.0,1.0,2350.0,29334,619.0,66.462,19.442
2015,4,Tucumán,144188.0,1653.0,116.0,88.0,50.0,146053,42.0,37.062,9.123
2015,3,Buenos Aires,1585467.0,1183894.0,113590.0,19989.0,25825.0,2916070,12695.0,57.689,17.548
2015,3,Capital Federal,454815.0,871262.0,30974.0,2229.0,12788.0,1362193,9875.0,118.289,44.911
2015,3,Catamarca,25801.0,242.0,15.0,1.0,34.0,26080,13.0,25.864,6.564
2015,3,Chaco,56282.0,28809.0,186.0,52.0,41.0,85354,16.0,27.963,7.454
2015,3,Chubut,43964.0,792.0,916.0,13408.0,4803.0,62143,1740.0,36.812,11.234
2015,3,Córdoba,351692.0,264055.0,1450.0,5412.0,389.0,622761,237.0,57.083,17.431
2015,3,Corrientes,55792.0,27604.0,176.0,1340.0,47.0,84931,28.0,30.167,7.925
2015,3,Entre Ríos,113909.0,51945.0,122.0,6261.0,197.0,172252,182.0,43.677,13.028
2015,3,Formosa,21573.0,5264.0,2.0,899.0,14.0,27751,1.0,18.837,4.784
2015,3,Jujuy,32598.0,6895.0,22.0,0.0,35.0,39548,2.0,21.27,5.423
2015,3,La Pampa,12755.0,41886.0,4078.0,6195.0,557.0,64976,495.0,57.964,19.056
2015,3,La Rioja,16725.0,0.0,16.0,2.0,28.0,16753,18.0,17.151,4.55
2015,3,Mendoza,153299.0,13030.0,2572.0,42.0,1880.0,169261,1562.0,32.492,9.042
2015,3,Misiones,59921.0,31635.0,46.0,5.0,15.0,91615,7.0,28.306,7.687
2015,3,Neuquén,47102.0,36620.0,1045.0,13051.0,2798.0,98376,2240.0,54.599,16.195
2015,3,Río Negro,66806.0,27130.0,917.0,3415.0,1346.0,98529,1085.0,46.389,14.22
2015,3,Salta,78064.0,21688.0,47.0,129.0,645.0,100570,3.0,31.176,7.525
2015,3,San Juan,48670.0,451.0,770.0,1231.0,908.0,51409,621.0,27.665,7.027
2015,3,San Luis,11432.0,1025.0,354.0,31.0,377.0,12902,317.0,9.707,2.769
2015,3,Santa Cruz,15540.0,2718.0,396.0,5226.0,2391.0,25912,359.0,27.606,8.159
2015,3,Santa Fe,337042.0,209673.0,4169.0,4426.0,1428.0,556097,641.0,52.146,16.364
2015,3,Santiago Del Estero,33886.0,4365.0,19.0,1097.0,30.0,39394,3.0,17.119,4.237
2015,3,Tierra Del Fuego,22636.0,8085.0,665.0,1.0,2350.0,33118,619.0,74.858,22.048
2015,3,Tucumán,142925.0,1135.0,116.0,88.0,50.0,144272,42.0,36.61,9.04
2015,2,Buenos Aires,1581770.0,1141052.0,115660.0,19268.0,26040.0,2871079,12711.0,56.803,17.326
2015,2,Capital Federal,453178.0,858342.0,19786.0,2172.0,12806.0,1336391,9893.0,116.066,44.085
2015,2,Catamarca,25387.0,242.0,15.0,1.0,34.0,25666,13.0,25.453,6.475
2015,2,Chaco,55767.0,27809.0,179.0,52.0,41.0,83832,16.0,27.465,7.341
2015,2,Chubut,43949.0,762.0,916.0,13055.0,4803.0,61745,1740.0,36.582,11.216
2015,2,Córdoba,348130.0,255596.0,435.0,5199.0,386.0,609510,236.0,55.869,17.107
2015,2,Corrientes,55238.0,26553.0,157.0,1321.0,47.0,83288,28.0,29.584,7.791
2015,2,Entre Ríos,113378.0,49767.0,119.0,6031.0,197.0,169309,183.0,42.932,12.837
2015,2,Formosa,21097.0,5164.0,2.0,737.0,50.0,27013,37.0,18.36,4.673
2015,2,Jujuy,32183.0,5482.0,22.0,0.0,35.0,37720,2.0,20.287,5.188
2015,2,La Pampa,12756.0,40825.0,3719.0,6190.0,562.0,63552,500.0,56.708,18.685
2015,2,La Rioja,16463.0,0.0,16.0,2.0,28.0,16491,18.0,16.883,4.495
2015,2,Mendoza,153301.0,13030.0,2572.0,38.0,1882.0,169259,1564.0,32.492,9.068
2015,2,Misiones,59179.0,29283.0,37.0,5.0,15.0,88512,7.0,27.348,7.45
2015,2,Neuquén,47078.0,34183.0,1044.0,12781.0,2799.0,95644,2241.0,53.117,15.814
2015,2,Río Negro,66738.0,26268.0,916.0,3457.0,1348.0,97640,1087.0,45.976,14.143
2015,2,Salta,77214.0,20297.0,47.0,129.0,580.0,98264,3.0,30.461,7.378
2015,2,San Juan,48670.0,451.0,770.0,1189.0,908.0,51367,621.0,27.643,7.042
2015,2,San Luis,11432.0,1025.0,354.0,33.0,377.0,12904,317.0,9.708,2.779
2015,2,Santa Cruz,15343.0,2707.0,396.0,4917.0,2400.0,25384,379.0,27.072,8.058
2015,2,Santa Fe,333117.0,204685.0,2877.0,4320.0,1389.0,545739,649.0,51.177,16.093
2015,2,Santiago Del Estero,33873.0,4365.0,19.0,1091.0,30.0,39375,3.0,17.111,4.247
2015,2,Tierra Del Fuego,22636.0,7927.0,665.0,1.0,2350.0,32960,619.0,74.508,22.096
2015,2,Tucumán,139944.0,479.0,116.0,88.0,50.0,140635,42.0,35.688,8.841
2015,1,Buenos Aires,1583135.0,1096836.0,134177.0,18754.0,28940.0,2847076,14766.0,56.37,17.241
2015,1,Capital Federal,454934.0,841743.0,19334.0,1994.0,14716.0,1321139,11582.0,114.897,43.659
2015,1,Catamarca,25033.0,241.0,16.0,1.0,41.0,25312,20.0,25.109,6.403
2015,1,Chaco,54952.0,26161.0,164.0,27.0,56.0,81329,31.0,26.65,7.143
2015,1,Chubut,45645.0,717.0,906.0,12540.0,5465.0,63327,1946.0,37.613,11.586
2015,1,Córdoba,343883.0,247564.0,415.0,4645.0,450.0,596663,294.0,54.697,16.794
2015,1,Corrientes,54649.0,25372.0,129.0,1319.0,62.0,81488,43.0,28.95,7.643
2015,1,Entre Ríos,112363.0,47411.0,108.0,5943.0,245.0,165839,231.0,42.065,12.609
2015,1,Formosa,21022.0,4951.0,1.0,670.0,56.0,26657,43.0,18.123,4.624
2015,1,Jujuy,31505.0,5048.0,22.0,0.0,36.0,36608,3.0,19.69,5.051
2015,1,La Pampa,13143.0,39571.0,3215.0,6164.0,604.0,62155,542.0,55.508,18.332
2015,1,La Rioja,16282.0,0.0,16.0,2.0,33.0,16310,23.0,16.703,4.462
2015,1,Mendoza,152433.0,13030.0,2542.0,29.0,2126.0,168355,1805.0,32.366,9.059
2015,1,Misiones,58262.0,26836.0,30.0,5.0,13.0,85139,7.0,26.306,7.188
2015,1,Neuquén,47518.0,32152.0,1024.0,12088.0,2960.0,93373,2369.0,51.954,15.526
2015,1,Río Negro,66274.0,25217.0,907.0,3473.0,1462.0,96145,1188.0,45.327,13.994
2015,1,Salta,76280.0,19781.0,47.0,129.0,574.0,96793,18.0,30.01,7.295
2015,1,San Juan,48441.0,451.0,755.0,1165.0,1007.0,51117,702.0,27.553,7.04
2015,1,San Luis,11414.0,1025.0,351.0,30.0,412.0,12878,354.0,9.716,2.79
2015,1,Santa Cruz,16215.0,2700.0,392.0,4772.0,2562.0,26217,424.0,27.995,8.392
2015,1,Santa Fe,328809.0,199037.0,2845.0,4239.0,1507.0,535640,797.0,50.244,15.833
2015,1,Santiago Del Estero,33813.0,4365.0,19.0,1020.0,35.0,39244,8.0,17.056,4.244
2015,1,Tierra Del Fuego,22291.0,7924.0,657.0,1.0,2583.0,32726,730.0,74.235,22.167
2015,1,Tucumán,137857.0,115.0,116.0,88.0,100.0,138184,92.0,35.079,8.719
2014,4,Buenos Aires,1575978.0,1070135.0,120528.0,17728.0,32038.0,2801178,15229.0,56.094,17.015
2014,4,Capital Federal,455785.0,840224.0,17155.0,1962.0,15394.0,1318526,11994.0,114.897,43.605
2014,4,Catamarca,25192.0,241.0,16.0,0.0,44.0,25472,21.0,25.514,6.459
2014,4,Chaco,55024.0,10918.0,31.0,0.0,62.0,65998,37.0,21.871,5.814
2014,4,Chubut,48539.0,697.0,891.0,12256.0,6159.0,66557,1985.0,40.249,12.224
2014,4,Córdoba,345157.0,240452.0,419.0,3918.0,486.0,590113,319.0,54.697,16.656
2014,4,Corrientes,54754.0,9526.0,40.0,1315.0,75.0,65656,54.0,23.562,6.175
2014,4,Entre Ríos,112291.0,23027.0,57.0,5178.0,260.0,140567,246.0,36.025,10.718
2014,4,Formosa,21245.0,4896.0,1.0,0.0,65.0,26156,51.0,17.956,4.549
2014,4,Jujuy,31349.0,4583.0,22.0,37.0,11.0,35999,3.0,19.599,4.982
2014,4,La Pampa,16043.0,34281.0,514.0,5894.0,648.0,56813,567.0,51.273,16.817
2014,4,La Rioja,16352.0,0.0,17.0,0.0,33.0,16379,23.0,17.011,4.497
2014,4,Mendoza,151797.0,13030.0,2534.0,31.0,2222.0,167766,1848.0,32.638,9.056
2014,4,Misiones,58435.0,18613.0,16.0,150.0,15.0,77222,7.0,24.162,6.541
2014,4,Neuquén,47721.0,31778.0,1014.0,11853.0,3030.0,92999,2397.0,52.555,15.529
2014,4,Río Negro,66307.0,23703.0,901.0,3819.0,1530.0,95050,1210.0,45.478,13.89
2014,4,Salta,76026.0,17289.0,48.0,6.0,578.0,93921,26.0,29.535,7.104
2014,4,San Juan,48653.0,451.0,740.0,1202.0,1073.0,51390,729.0,28.037,7.101
2014,4,San Luis,11419.0,926.0,355.0,24.0,423.0,12788,359.0,9.786,2.782
2014,4,Santa Cruz,17553.0,448.0,388.0,4395.0,2929.0,25277,436.0,27.803,8.158
2014,4,Santa Fe,335267.0,183009.0,3205.0,6282.0,1634.0,528459,938.0,50.0,15.658
2014,4,Santiago Del Estero,34110.0,4231.0,19.0,920.0,37.0,39308,9.0,17.269,4.263
2014,4,Tierra Del Fuego,21948.0,3664.0,655.0,1.0,2722.0,28249,741.0,66.138,19.342
2014,4,Tucumán,137093.0,97.0,116.0,13.0,105.0,137329,95.0,35.321,8.693
2014,3,Buenos Aires,1562533.0,1110628.0,124474.0,20049.0,31881.0,2835537,14028.0,56.755,17.263
2014,3,Capital Federal,450155.0,833402.0,17886.0,1995.0,14387.0,1307195,10630.0,113.801,43.206
2014,3,Catamarca,24380.0,244.0,15.0,0.0,47.0,24665,21.0,24.706,6.27
2014,3,Chaco,53321.0,10336.0,29.0,1.0,59.0,63710,36.0,21.113,5.628
2014,3,Chubut,49219.0,668.0,882.0,11853.0,6515.0,67130,2007.0,40.599,12.388
2014,3,Córdoba,340212.0,240334.0,444.0,4064.0,377.0,585231,200.0,54.234,16.56
2014,3,Corrientes,52957.0,9184.0,31.0,1312.0,65.0,63516,33.0,22.788,5.986
2014,3,Entre Ríos,108907.0,22440.0,48.0,5203.0,135.0,136618,115.0,34.982,10.434
2014,3,Formosa,21021.0,4836.0,0.0,0.0,80.0,25873,64.0,17.771,4.513
2014,3,Jujuy,30128.0,3541.0,22.0,37.0,13.0,33739,2.0,18.369,4.683
2014,3,La Pampa,16051.0,33940.0,538.0,11219.0,677.0,61861,564.0,55.781,18.338
2014,3,La Rioja,15864.0,0.0,14.0,1.0,37.0,15893,23.0,16.507,4.379
2014,3,Mendoza,150120.0,13030.0,2512.0,40.0,2222.0,166184,1740.0,32.313,8.992
2014,3,Misiones,56933.0,18373.0,4.0,3.0,14.0,75327,0.0,23.567,6.4
2014,3,Neuquén,54458.0,30964.0,1000.0,12858.0,3087.0,100099,2268.0,56.395,16.727
2014,3,Río Negro,65264.0,26590.0,888.0,3533.0,1505.0,96629,1151.0,46.196,14.16
2014,3,Salta,73828.0,18394.0,43.0,109.0,580.0,92929,25.0,29.223,7.054
2014,3,San Juan,48272.0,451.0,731.0,1199.0,1126.0,51031,748.0,27.854,7.075
2014,3,San Luis,11303.0,925.0,355.0,25.0,438.0,12683,363.0,9.711,2.77
2014,3,Santa Cruz,17862.0,492.0,385.0,4273.0,3098.0,25664,446.0,28.232,8.343
2014,3,Santa Fe,325577.0,183630.0,4407.0,6540.0,733.0,520196,691.0,49.196,15.438
2014,3,Santiago Del Estero,32820.0,3900.0,19.0,768.0,41.0,37539,9.0,16.492,4.082
2014,3,Tierra Del Fuego,21840.0,3469.0,650.0,1.0,2832.0,28037,755.0,65.686,19.344
2014,3,Tucumán,131739.0,97.0,117.0,13.0,100.0,131978,88.0,33.944,8.382
2014,2,Buenos Aires,1568881.0,1025490.0,120008.0,17020.0,33147.0,2750430,14116.0,55.061,16.795
2014,2,Capital Federal,447637.0,828411.0,17729.0,1883.0,14555.0,1299502,10713.0,113.143,42.975
2014,2,Catamarca,24380.0,243.0,17.0,0.0,43.0,24660,23.0,24.703,6.284
2014,2,Chaco,53321.0,9870.0,30.0,0.0,58.0,63243,36.0,20.958,5.602
2014,2,Chubut,51070.0,649.0,866.0,10960.0,6974.0,68503,2016.0,41.41,12.696
2014,2,Córdoba,337825.0,234729.0,351.0,3673.0,374.0,576747,205.0,53.448,16.365
2014,2,Corrientes,52883.0,8680.0,31.0,1309.0,55.0,62925,33.0,22.576,5.945
2014,2,Entre Ríos,108900.0,21706.0,49.0,4795.0,133.0,135468,115.0,34.687,10.372
2014,2,Formosa,20894.0,4628.0,0.0,0.0,78.0,25535,65.0,17.54,4.465
2014,2,Jujuy,30128.0,4161.0,23.0,40.0,9.0,34359,2.0,18.706,4.784
2014,2,La Pampa,15957.0,32600.0,513.0,5869.0,689.0,55048,580.0,49.708,16.379
2014,2,La Rioja,15864.0,0.0,14.0,0.0,34.0,15889,23.0,16.503,4.393
2014,2,Mendoza,148979.0,13030.0,2480.0,36.0,2282.0,165046,1761.0,32.098,8.959
2014,2,Misiones,56933.0,17594.0,4.0,150.0,8.0,74689,0.0,23.368,6.366
2014,2,Neuquén,47767.0,29776.0,997.0,10765.0,2983.0,90053,2235.0,50.843,15.138
2014,2,Río Negro,64920.0,24944.0,876.0,3657.0,1560.0,94812,1145.0,45.335,13.947
2014,2,Salta,73841.0,17504.0,45.0,7.0,577.0,91949,25.0,28.915,7.004
2014,2,San Juan,48161.0,451.0,722.0,1139.0,1173.0,50891,755.0,27.783,7.078
2014,2,San Luis,11306.0,925.0,354.0,22.0,448.0,12691,364.0,9.718,2.782
2014,2,Santa Cruz,18956.0,448.0,381.0,4118.0,3266.0,26710,459.0,29.377,8.745
2014,2,Santa Fe,324101.0,178495.0,3085.0,6041.0,636.0,511753,605.0,48.39,15.217
2014,2,Santiago Del Estero,32820.0,4231.0,19.0,907.0,34.0,38002,9.0,16.696,4.144
2014,2,Tierra Del Fuego,21618.0,3008.0,648.0,1.0,2934.0,27443,766.0,64.356,19.086
2014,2,Tucumán,131740.0,97.0,121.0,13.0,98.0,131981,88.0,33.945,8.409
2014,1,Buenos Aires,1567685.0,1000879.0,120960.0,16528.0,33824.0,2725732,14144.0,54.57,16.692
2014,1,Capital Federal,445569.0,820161.0,17767.0,1866.0,14555.0,1289204,10714.0,112.254,42.655
2014,1,Catamarca,24126.0,46.0,17.0,0.0,43.0,24209,23.0,24.252,6.185
2014,1,Chaco,52971.0,9497.0,30.0,0.0,58.0,62520,36.0,20.719,5.554
2014,1,Chubut,51066.0,539.0,866.0,10776.0,6974.0,68205,2016.0,41.235,12.704
2014,1,Córdoba,336841.0,225769.0,347.0,3585.0,368.0,566705,205.0,52.518,16.125
2014,1,Corrientes,52565.0,8279.0,31.0,1306.0,55.0,62203,33.0,22.317,5.892
2014,1,Entre Ríos,107883.0,21379.0,49.0,4887.0,133.0,134216,115.0,34.367,10.302
2014,1,Formosa,20774.0,4548.0,0.0,0.0,100.0,25335,87.0,17.418,4.444
2014,1,Jujuy,29765.0,4030.0,23.0,0.0,9.0,33825,2.0,18.415,4.724
2014,1,La Pampa,15826.0,31305.0,513.0,5848.0,701.0,53601,592.0,48.425,15.994
2014,1,La Rioja,15663.0,0.0,14.0,0.0,34.0,15688,23.0,16.294,4.353
2014,1,Mendoza,148970.0,12076.0,2480.0,37.0,2282.0,164084,1761.0,31.913,8.933
2014,1,Misiones,56597.0,17191.0,4.0,150.0,8.0,73950,0.0,23.137,6.323
2014,1,Neuquén,47790.0,28161.0,997.0,10381.0,3051.0,88077,2303.0,49.792,14.882
2014,1,Río Negro,64886.0,24156.0,876.0,3576.0,1572.0,93909,1157.0,44.914,13.868
2014,1,Salta,73131.0,17538.0,45.0,8.0,568.0,91265,25.0,28.7,6.977
2014,1,San Juan,48161.0,434.0,722.0,808.0,1173.0,50543,755.0,27.595,7.051
2014,1,San Luis,11306.0,428.0,354.0,21.0,448.0,12193,364.0,9.347,2.685
2014,1,Santa Cruz,18927.0,100.0,381.0,4092.0,3264.0,26304,460.0,28.939,8.677
2014,1,Santa Fe,322662.0,174296.0,3059.0,5951.0,644.0,506000,612.0,47.848,15.078
2014,1,Santiago Del Estero,32567.0,3598.0,19.0,915.0,34.0,37124,9.0,16.31,4.059
2014,1,Tierra Del Fuego,21618.0,2837.0,648.0,1.0,2934.0,27272,766.0,63.966,19.105
2014,1,Tucumán,129717.0,83.0,121.0,13.0,98.0,129944,88.0,33.421,8.307
